"","Name_submitted","Accepted_name","patent_id","plant_variety"
"1","Rubus subgenus Rubus Watson","Rubus pensilvanicus","PP33701","A-2524T"
"2","Rubus subgenus Rubus Watson","Rubus pensilvanicus","PP34867","APF-268"
"3","Rubus subgenus Rubus Watson","Rubus pensilvanicus","PP33140","A-2491T"
"4","Rubus subgenus Rubus Watson","Rubus pensilvanicus","PP32965","A-2454T"
"5","Rubus subgenus Rubus Watson","Rubus pensilvanicus","PP22449","APF-45"
"6","Rubus subgenus Rubus Watson","Rubus pensilvanicus","PP28598","APF-190T"
"7","Rubus subgenus Rubus Watson","Rubus pensilvanicus","PP27401","APF-122"
"8","Rubus subgenus Rubus Watson","Rubus pensilvanicus","PP26990","APF-153T"
"9","Rubus subgenus Rubus Watson","Rubus pensilvanicus","PP25864","A-2312"
"10","Rubus subgenus Rubus Watson","Rubus pensilvanicus","PP24249","APF-77"
"11","Rubus subgenus Rubus Watson","Rubus pensilvanicus","PP33115","Caddo"
"12","Rubus subgenus Rubus Watson","Rubus pensilvanicus","PP31690","APF-205T"
"13","Rubus subgenus Rubus Watson","Rubus pensilvanicus","PP33329","APF-238T"
"14","Rubus subgenus Rubus Watson","Rubus pensilvanicus","PP35368","APF-404T"
"15","Rubus subgenus Rubus Watson","Rubus pensilvanicus","PP26120","Osage"
"16","Rubus subgenus Rubus Watson","Rubus pensilvanicus","PP33330","Ponca"
"17","Rubus subgenus Rubus Watson","Rubus pensilvanicus","PP35552","APF-409T"
"18","Rubus subgenus Rubus Watson","Rubus pensilvanicus","PP26405","A-1960"
"19","Fragaria×ananassa","Fragaria x ananassa","PP24512","Buddy"
"20","Fragaria×ananassa","Fragaria x ananassa","PP26974","Lucia"
"21","Fragaria×ananassa","Fragaria x ananassa","PP25794","Verity"
"22","Fragaria×ananassa","Fragaria x ananassa","PP23107","DrisStrawEighteen"
"23","Fragaria×ananassa","Fragaria x ananassa","PP22247","DrisStrawSixteen"
"24","Fragaria×ananassa","Fragaria x ananassa","PP15752","Driscoll Osceola"
"25","Fragaria×ananassa","Fragaria x ananassa","PP17381","La Cle des Champs"
"26","Fragaria×ananassa","Fragaria x ananassa","PP18458","DrisStrawOne"
"27","Fragaria×ananassa","Fragaria x ananassa","PP16238","Driscoll El Dorado"
"28","Fragaria×ananassa","Fragaria x ananassa","PP18878","DrisStrawTwo"
"29","Fragaria×ananassa","Fragaria x ananassa","PP25866","DrisStrawThirtySeven"
"30","Fragaria×ananassa","Fragaria x ananassa","PP24533","DrisStrawThirtyThree"
"31","Fragaria×ananassa","Fragaria x ananassa","PP15731","Driscoll Agoura"
"32","Fragaria×ananassa","Fragaria x ananassa","PP20731","DrisStrawEleven"
"33","Fragaria×ananassa","Fragaria x ananassa","PP23378","DrisStrawTwentyFour"
"34","Fragaria×ananassa","Fragaria x ananassa","PP26210","Dream"
"35","Fragaria×ananassa","Fragaria x ananassa","PP28470","Flame"
"36","Fragaria×ananassa","Fragaria x ananassa","PP16480","L'Amour"
"37","Fragaria×ananassa","Fragaria x ananassa","PP29441","Opera"
"38","Fragaria×ananassa","Fragaria x ananassa","PP19763","Galletta"
"39","Fragaria×ananassa","Fragaria x ananassa","PP23517","DrisStrawTwentyTwo"
"40","Fragaria×ananassa","Fragaria x ananassa","PP28341","Yoli"
"41","Fragaria×ananassa","Fragaria x ananassa","PP26874","SSL 93"
"42","Fragaria×ananassa","Fragaria x ananassa","PP24511","Cristina"
"43","Fragaria×ananassa","Fragaria x ananassa","PP24317","DrisStrawThirtyOne"
"44","Fragaria×ananassa","Fragaria x ananassa","PP19767","Monterey"
"45","Fragaria×ananassa","Fragaria x ananassa","PP20922","DrisStrawSeven"
"46","Fragaria×ananassa","Fragaria x ananassa","PP17404","MNUS 138"
"47","Fragaria×ananassa","Fragaria x ananassa","PP20648","DONNA"
"48","Fragaria×ananassa","Fragaria x ananassa","PP23459","DrisStrawTwentyEight"
"49","Fragaria×ananassa","Fragaria x ananassa","PP25437","DrisStrawThirtyEight"
"50","Fragaria×ananassa","Fragaria x ananassa","PP26289","Sahara"
"51","Fragaria×ananassa","Fragaria x ananassa","PP15552","Bish"
"52","Fragaria×ananassa","Fragaria x ananassa","PP24745","DrisStrawThirtyFive"
"53","Fragaria×ananassa","Fragaria x ananassa","PP26802","DrisStrawFortyTwo"
"54","Fragaria×ananassa","Fragaria x ananassa","PP19240","DrisStrawFour"
"55","Fragaria×ananassa","Fragaria x ananassa","PP16241","Driscoll Pearl"
"56","Fragaria×ananassa","Fragaria x ananassa","PP27813","DrisStrawFortySeven"
"57","Fragaria×ananassa","Fragaria x ananassa","PP21762","DrisStrawFifteen"
"58","Fragaria×ananassa","Fragaria x ananassa","PP23383","DrisStrawTwenty"
"59","Fragaria×ananassa","Fragaria x ananassa","PP28692","Playa"
"60","Fragaria×ananassa","Fragaria x ananassa","PP16070","Driscoll Malibu"
"61","Fragaria×ananassa","Fragaria x ananassa","PP28935","SWV 25"
"62","Fragaria×ananassa","Fragaria x ananassa","PP20735","DrisStrawEight"
"63","Fragaria×ananassa","Fragaria x ananassa","PP25698","DrisStrawThirtySix"
"64","Fragaria×ananassa","Fragaria x ananassa","PP22040","DrisStrawFourteen"
"65","Fragaria×ananassa","Fragaria x ananassa","PP23506","DrisStrawTwentyOne"
"66","Fragaria×ananassa","Fragaria x ananassa","PP23903","PLANASA 02-32"
"67","Fragaria×ananassa","Fragaria x ananassa","PP17388","Yuval"
"68","Fragaria×ananassa","Fragaria x ananassa","PP26711","Jive"
"69","Fragaria×ananassa","Fragaria x ananassa","PP24532","Romina"
"70","Fragaria×ananassa","Fragaria x ananassa","PP18575","Driscoll Ojai"
"71","Fragaria×ananassa","Fragaria x ananassa","PP19975","San Andreas"
"72","Fragaria×ananassa","Fragaria x ananassa","PP25849","LILI"
"73","Fragaria×ananassa","Fragaria x ananassa","PP15783","Carmela"
"74","Fragaria×ananassa","Fragaria x ananassa","PP20733","DrisStrawNine"
"75","Fragaria×ananassa","Fragaria x ananassa","PP29289","DrisStrawFifty"
"76","Fragaria×ananassa","Fragaria x ananassa","PP24096","DrisStrawThirty"
"77","Fragaria×ananassa","Fragaria x ananassa","PP26208","Deluxe"
"78","Fragaria×ananassa","Fragaria x ananassa","PP27442","DrisStrawFortyEight"
"79","Fragaria×ananassa","Fragaria x ananassa","PP18040","Driscoll Sausalito"
"80","Fragaria×ananassa","Fragaria x ananassa","PP16898","Macarena"
"81","Fragaria×ananassa","Fragaria x ananassa","PP24612","Walker"
"82","Fragaria×ananassa","Fragaria x ananassa","PP21559","DrisStrawThirteen"
"83","Fragaria×ananassa","Fragaria x ananassa","PP23382","DrisStrawTwentyFive"
"84","Fragaria×ananassa","Fragaria x ananassa","PP16299","Driscoll Destin"
"85","Fragaria×ananassa","Fragaria x ananassa","PP23148","DrisStrawNineteen"
"86","Fragaria×ananassa","Fragaria x ananassa","PP21538","DrisStrawTwelve"
"87","Fragaria×ananassa","Fragaria x ananassa","PP25408","DrisStrawThirtyNine"
"88","Fragaria×ananassa","Fragaria x ananassa","PP24332","BBB PO 01"
"89","Fragaria×ananassa","Fragaria x ananassa","PP28724","Taia"
"90","Fragaria×ananassa","Fragaria x ananassa","PP18041","Driscoll Bonaire"
"91","Fragaria×ananassa","Fragaria x ananassa","PP23377","DrisStrawTwentySix"
"92","Fragaria×ananassa","Fragaria x ananassa","PP24394","Mayflower"
"93","Fragaria×ananassa","Fragaria x ananassa","PP26873","Vivaldi"
"94","Fragaria×ananassa","Fragaria x ananassa","PP26800","DrisStrawFortyThree"
"95","Fragaria×ananassa","Fragaria x ananassa","PP19673","DrisStrawThree"
"96","Fragaria×ananassa","Fragaria x ananassa","PP19472","Palomar"
"97","Fragaria×ananassa","Fragaria x ananassa","PP27682","DrisStrawFortyNine"
"98","Fragaria×ananassa","Fragaria x ananassa","PP23934","GINZA"
"99","Fragaria×ananassa","Fragaria x ananassa","PP22218","DrisStrawSeventeen"
"100","Fragaria×ananassa","Fragaria x ananassa","PP17464","DPI Rubygem"
"101","Fragaria×ananassa","Fragaria x ananassa","PP27190","Ruby June"
"102","Fragaria×ananassa","Fragaria x ananassa","PP22472","Sweet Ann"
"103","Fragaria×ananassa","Fragaria x ananassa","PP15596","Driscoll Cambria"
"104","Fragaria×ananassa","Fragaria x ananassa","PP23401","DrisStrawTwentyThree"
"105","Fragaria×ananassa","Fragaria x ananassa","PP20363","Florida Radiance"
"106","Fragaria×ananassa","Fragaria x ananassa","PP16475","Driscoll Atlantis"
"107","Fragaria×ananassa","Fragaria x ananassa","PP25867","Crystalina"
"108","Fragaria×ananassa","Fragaria x ananassa","PP20775","DrisStrawTen"
"109","Fragaria×ananassa","Fragaria x ananassa","PP26904","Calinda"
"110","Fragaria×ananassa","Fragaria x ananassa","PP22506","SABRINA"
"111","Fragaria×ananassa","Fragaria x ananassa","PP28834","Planasa 0949"
"112","Fragaria×ananassa","Fragaria x ananassa","PP16766","QHI Sugarbaby"
"113","Fragaria×ananassa","Fragaria x ananassa","PP23935","BOB"
"114","Fragaria×ananassa","Fragaria x ananassa","PP28048","Yambu"
"115","Fragaria×ananassa","Fragaria x ananassa","PP20248","DrisStrawFive"
"116","Fragaria×ananassa","Fragaria x ananassa","PP23400","DrisStrawTwentySeven"
"117","Fragaria×ananassa","Fragaria x ananassa","PP23936","ZARINA"
"118","Fragaria×ananassa","Fragaria x ananassa","PP16571","Clancy"
"119","Fragaria×ananassa","Fragaria x ananassa","PP24613","Herriot"
"120","Fragaria×ananassa","Fragaria x ananassa","PP27034","Scarlet"
"121","Fragaria×ananassa","Fragaria x ananassa","PP27645","DrisStrawFortyFive"
"122","Fragaria×ananassa","Fragaria x ananassa","PP24395","DrisStrawThirtyFour"
"123","Fragaria×ananassa","Fragaria x ananassa","PP26801","DrisStrawFortyFour"
"124","Fragaria×ananassa","Fragaria x ananassa","PP21558","Winter Dawn"
"125","Fragaria×ananassa","Fragaria x ananassa","PP25747","DrisStrawForty"
"126","Fragaria×ananassa","Fragaria x ananassa","PP16298","Driscoll Sanibel"
"127","Fragaria×ananassa","Fragaria x ananassa","PP25533","DANI"
"128","Fragaria×ananassa","Fragaria x ananassa","PP20552","Portola"
"129","Fragaria×ananassa","Fragaria x ananassa","PP27711","DrisStrawFortySix"
"130","Fragaria×ananassa","Fragaria x ananassa","PP23956","CUPCAKE"
"131","Lewisia cotyledon","Lewisia cotyledon","PP35993","LOCORA3519"
"132","Lewisia cotyledon","Lewisia cotyledon","PP31386","LORE3509"
"133","Fraxinus greggii","Fraxinus greggii","PP30666","Libby Davidson"
"134","Rudbeckia hirta L.","Rudbeckia hirta","PP34552","BullRudi 15"
"135","Rudbeckia hirta L.","Rudbeckia hirta","PP29531","BullRudi 03"
"136","Rudbeckia hirta L.","Rudbeckia hirta","PP33934","BullRudi 14"
"137","Rudbeckia hirta L.","Rudbeckia hirta","PP36021","BullRudihir 120"
"138","Rudbeckia hirta L.","Rudbeckia hirta","PP33933","BullRudi 11"
"139","Rudbeckia hirta L.","Rudbeckia hirta","PP29118","BullRudi 06"
"140","Rudbeckia hirta L.","Rudbeckia hirta","PP33936","BullRudi 12"
"141","Rudbeckia hirta L.","Rudbeckia hirta","PP35871","BullRudihir 119"
"142","Rudbeckia hirta L.","Rudbeckia hirta","PP33935","BullRudi 13"
"143","Rudbeckia hirta L.","Rudbeckia hirta","PP29497","BullRudi 01"
"144","Rudbeckia hirta L.","Rudbeckia hirta","PP35362","BullRudihir 117"
"145","Rudbeckia hirta L.","Rudbeckia hirta","PP29569","BullRudi 05"
"146","Rudbeckia hirta L.","Rudbeckia hirta","PP33346","BullRudi 07"
"147","Rudbeckia hirta L.","Rudbeckia hirta","PP34788","BullRudi 10"
"148","Rudbeckia hirta L.","Rudbeckia hirta","PP33575","BullRudi 09"
"149","Rudbeckia hirta L.","Rudbeckia hirta","PP36086","BullRudihir 121"
"150","Rudbeckia hirta L.","Rudbeckia hirta","PP35363","BullRudihir 118"
"151","Rudbeckia hirta L.","Rudbeckia hirta","PP35350","BullRudihir 116"
"152","Rudbeckia hirta L.","Rudbeckia hirta","PP33347","BullRudi 08"
"153","Rudbeckia hirta L.","Rudbeckia hirta","PP29956","BullRudi 02"
"154","Sanguisorba officinalis","Sanguisorba officinalis","PP36189","Strawberry Dream"
"155","Sanguisorba officinalis","Sanguisorba officinalis","PP34925","Sweet Dream"
"156","Sanguisorba officinalis","Sanguisorba officinalis","PP32406","Jam Session"
"157","Sanguisorba officinalis","Sanguisorba officinalis","PP34940","Tough Dream"
"158","Sanguisorba officinalis","Sanguisorba officinalis","PP32441","Red Dream"
"159","Sanguisorba officinalis","Sanguisorba officinalis","PP34939","Fall Dream"
"160","Sanguisorba officinalis","Sanguisorba officinalis","PP33601","Big Dream"
"161","Rubus subgenus Eubatus sect. Moriferi & Ursini hybrid","Rubus pensilvanicus","PP23497","Reuben"
"162","Vaccinium corymbosum L.","Vaccinium corymbosum","PP32182","WAYNE"
"163","Vaccinium corymbosum L.","Vaccinium corymbosum","PP31685","DrisBlueSixteen"
"164","Vaccinium corymbosum L.","Vaccinium corymbosum","PP31650","DrisBlueSeventeen"
"165","Vaccinium corymbosum L.","Vaccinium corymbosum","PP33225","FLR14-372"
"166","Vaccinium corymbosum L.","Vaccinium corymbosum","PP24605","DrisBlueSeven"
"167","Vaccinium corymbosum L.","Vaccinium corymbosum","PP36046","BLUECSOL3"
"168","Vaccinium corymbosum L.","Vaccinium corymbosum","PP27325","FL98-423"
"169","Vaccinium corymbosum L.","Vaccinium corymbosum","PP35969","FL19-006"
"170","Vaccinium corymbosum L.","Vaccinium corymbosum","PP21153","Corona"
"171","Vaccinium corymbosum L.","Vaccinium corymbosum","PP27771","FL06-556"
"172","Vaccinium corymbosum L.","Vaccinium corymbosum","PP21072","Lucero"
"173","Vaccinium corymbosum L.","Vaccinium corymbosum","PP26748","DrisBlueTwelve"
"174","Vaccinium corymbosum L.","Vaccinium corymbosum","PP24489","DrisBlueFive"
"175","Vaccinium corymbosum L.","Vaccinium corymbosum","PP31403","Plablue 1542"
"176","Vaccinium corymbosum L.","Vaccinium corymbosum","PP21374","FL05-627"
"177","Vaccinium corymbosum L.","Vaccinium corymbosum","PP21181","Azulema"
"178","Vaccinium corymbosum L.","Vaccinium corymbosum","PP20374","Rocio"
"179","Vaccinium corymbosum L.","Vaccinium corymbosum","PP20807","Celeste"
"180","Vaccinium corymbosum L.","Vaccinium corymbosum","PP35156","DrisBlueTwentyEight"
"181","Vaccinium corymbosum L.","Vaccinium corymbosum","PP32744","DrisBlueTwenty"
"182","Vaccinium corymbosum L.","Vaccinium corymbosum","PP28933","DrisBlueFifteen"
"183","Vaccinium corymbosum L.","Vaccinium corymbosum","PP27740","Patrecia"
"184","Vaccinium corymbosum L.","Vaccinium corymbosum","PP21375","FL05-107"
"185","Vaccinium corymbosum L.","Vaccinium corymbosum","PP33802","Colossus"
"186","Vaccinium corymbosum L.","Vaccinium corymbosum","PP31345","Plablue 1545"
"187","Vaccinium corymbosum L.","Vaccinium corymbosum","PP28502",""
"188","Vaccinium corymbosum L.","Vaccinium corymbosum","PP24568","DrisBlueEight"
"189","Vaccinium corymbosum L.","Vaccinium corymbosum","PP35850","BLUECSOL5"
"190","Vaccinium corymbosum L.","Vaccinium corymbosum","PP35783","BLUECSOL12"
"191","Vaccinium corymbosum L.","Vaccinium corymbosum","PP34596","FL11-37"
"192","Vaccinium corymbosum L.","Vaccinium corymbosum","PP19503","Snowchaser"
"193","Vaccinium corymbosum L.","Vaccinium corymbosum","PP25994","TH-929"
"194","Vaccinium corymbosum L.","Vaccinium corymbosum","PP33200","FLR12-89"
"195","Vaccinium corymbosum L.","Vaccinium corymbosum","PP34179","DrisBlueTwentySix"
"196","Vaccinium corymbosum L.","Vaccinium corymbosum","PP34903","FC11-164"
"197","Vaccinium corymbosum L.","Vaccinium corymbosum","PP19233","Scintilla"
"198","Vaccinium corymbosum L.","Vaccinium corymbosum","PP35896","FL17-141"
"199","Vaccinium corymbosum L.","Vaccinium corymbosum","PP35829","DrisBlueThirty"
"200","Vaccinium corymbosum L.","Vaccinium corymbosum","PP20830","cv. Altair"
"201","Vaccinium corymbosum L.","Vaccinium corymbosum","PP31649","DrisBlueEighteen"
"202","Vaccinium corymbosum L.","Vaccinium corymbosum","PP34316","DrisBlueTwentySeven"
"203","Vaccinium corymbosum L.","Vaccinium corymbosum","PP32181","MAGNUS"
"204","Vaccinium corymbosum L.","Vaccinium corymbosum","PP20829","cv. Dolores"
"205","Vaccinium corymbosum L.","Vaccinium corymbosum","PP31346","Plablue 1502"
"206","Vaccinium corymbosum L.","Vaccinium corymbosum","PP34719","RB A097"
"207","Vaccinium corymbosum L.","Vaccinium corymbosum","PP21377","FL03-291"
"208","Vaccinium corymbosum L.","Vaccinium corymbosum","PP21719","FL02-40"
"209","Vaccinium corymbosum L.","Vaccinium corymbosum","PP26537","DrisBlueEleven"
"210","Vaccinium corymbosum L.","Vaccinium corymbosum","PP20806","Magna"
"211","Vaccinium corymbosum L.","Vaccinium corymbosum","PP27622","DrisBlueFourteen"
"212","Vaccinium corymbosum L.","Vaccinium corymbosum","PP33066","DrisBlueTwentyTwo"
"213","Vaccinium corymbosum L.","Vaccinium corymbosum","PP21553","FL01-173"
"214","Vaccinium corymbosum L.","Vaccinium corymbosum","PP28233","MINI Blues"
"215","Vaccinium corymbosum L.","Vaccinium corymbosum","PP31698","DrisBlueNineteen"
"216","Vaccinium corymbosum L.","Vaccinium corymbosum","PP26287","DrisBlueNine"
"217","Vaccinium corymbosum L.","Vaccinium corymbosum","PP21180","Sevilla"
"218","Vaccinium corymbosum L.","Vaccinium corymbosum","PP27576","FL03-228"
"219","Vaccinium corymbosum L.","Vaccinium corymbosum","PP20818","Lucia"
"220","Vaccinium corymbosum L.","Vaccinium corymbosum","PP26523","FL98-325"
"221","Vaccinium corymbosum L.","Vaccinium corymbosum","PP35665","DrisBlueTwentyNine"
"222","Vaccinium corymbosum L.","Vaccinium corymbosum","PP34718","RB A063"
"223","Vaccinium corymbosum L.","Vaccinium corymbosum","PP26679","FL06-377"
"224","Vaccinium corymbosum L.","Vaccinium corymbosum","PP24569","DrisBlueSix"
"225","Vaccinium corymbosum L.","Vaccinium corymbosum","PP35852","BLUECSOL11"
"226","Vaccinium corymbosum L.","Vaccinium corymbosum","PP33896","Sentinel"
"227","Vaccinium corymbosum L.","Vaccinium corymbosum","PP35015","FL09-216"
"228","Vaccinium corymbosum L.","Vaccinium corymbosum","PP32267","DrisBlueTwentyOne"
"229","Vaccinium corymbosum L.","Vaccinium corymbosum","PP30914","RYOKU NH-13"
"230","Vaccinium corymbosum L.","Vaccinium corymbosum","PP26643","DrisBlueTen"
"231","Vaccinium corymbosum L.","Vaccinium corymbosum","PP30753","RYOKU NH-12"
"232","Vaccinium corymbosum L.","Vaccinium corymbosum","PP35895","FL11-51"
"233","Vaccinium corymbosum L.","Vaccinium corymbosum","PP35968","BLUECSOL9"
"234","Vaccinium corymbosum L.","Vaccinium corymbosum","PP31522","Plablue 15122"
"235","Vaccinium corymbosum L.","Vaccinium corymbosum","PP21182","Alba"
"236","Vaccinium corymbosum L.","Vaccinium corymbosum","PP32876","DrisBlueTwentyThree"
"237","Vaccinium corymbosum L.","Vaccinium corymbosum","PP33013","FLR12-11"
"238","Vaccinium corymbosum L.","Vaccinium corymbosum","PP26451","DrisBlueThirteen"
"239","Vaccinium corymbosum L.","Vaccinium corymbosum","PP21376","FL04-235"
"240","Vaccinium corymbosum L.","Vaccinium corymbosum","PP26313","FL07-399"
"241","Vaccinium corymbosum L.","Vaccinium corymbosum","PP34067","DrisBlueTwentyFour"
"242","Vaccinium corymbosum L.","Vaccinium corymbosum","PP32028","OPTIMUS"
"243","Vaccinium corymbosum L.","Vaccinium corymbosum","PP35851","BLUECSOL7"
"244","Vaccinium corymbosum L.","Vaccinium corymbosum","PP19342","FLX-1"
"245","Vaccinium corymbosum L.","Vaccinium corymbosum","PP20181","Primadonna"
"246","Vaccinium corymbosum L.","Vaccinium corymbosum","PP33718","DrisBlueTwentyFive"
"247","Vaccinium corymbosum L.","Vaccinium corymbosum","PP19341","Farthing"
"248","Vaccinium corymbosum L.","Vaccinium corymbosum","PP21554","FL96-43"
"249","Vaccinium corymbosum L.","Vaccinium corymbosum","PP30754","RYOKU NH-11"
"250","Vaccinium corymbosum L.","Vaccinium corymbosum","PP26312","FL06-203"
"251","Vaccinium corymbosum L.","Vaccinium corymbosum","PP24407","DrisBlueFour"
"252","Helenium autumnale","Helenium autumnale","PP32339","HEMZ0005"
"253","Helenium autumnale","Helenium autumnale","PP32294","HEMZ0003"
"254","Helenium autumnale","Helenium autumnale","PP22346","Tijuana Brass"
"255","Helenium autumnale","Helenium autumnale","PP27397","Bandera"
"256","Helenium autumnale","Helenium autumnale","PP24460","Short n Sassy"
"257","Helenium autumnale","Helenium autumnale","PP27415","Ranchera"
"258","Helenium autumnale","Helenium autumnale","PP30616","Balsaluglo"
"259","Helenium autumnale","Helenium autumnale","PP30617","Balsaluemb"
"260","Helenium autumnale","Helenium autumnale","PP32382","HEMZ0001"
"261","Helenium autumnale","Helenium autumnale","PP30771","Balsalulow"
"262","Potentilla fruticosa","Dasiphora fruticosa","PP22732","Kupinpa"
"263","Potentilla fruticosa","Dasiphora fruticosa","PP22176","Lundy"
"264","Potentilla fruticosa","Dasiphora fruticosa","PP33158","Mincrero01"
"265","Potentilla fruticosa","Dasiphora fruticosa","PP20299","SETTING SUN"
"266","Potentilla fruticosa","Dasiphora fruticosa","PP33159","Minjau03"
"267","Potentilla fruticosa","Dasiphora fruticosa","PP22767","Red Lady"
"268","Potentilla fruticosa","Dasiphora fruticosa","PP28890","SMPFMY"
"269","Potentilla fruticosa","Dasiphora fruticosa","PP33160","Minecrecro04"
"270","Potentilla fruticosa","Dasiphora fruticosa","PP22761","White Lady"
"271","Potentilla fruticosa","Dasiphora fruticosa","PP25676","KM01"
"272","Penstemon barbatus","Penstemon barbatus","PP27786","Novapenblu"
"273","Penstemon barbatus","Penstemon barbatus","PP27820","Novapenrub"
"274","Penstemon barbatus","Penstemon barbatus","PP33061","Dopensprispin"
"275","Penstemon barbatus","Penstemon barbatus","PP36003","Rose Rhinestones"
"276","Penstemon barbatus","Penstemon barbatus","PP33062","Dopensprislipur"
"277","Penstemon barbatus","Penstemon barbatus","PP27787","Novapenlig"
"278","Penstemon barbatus","Penstemon barbatus","PP34846","‘Dopensprislip’"
"279","Penstemon barbatus","Penstemon barbatus","PP35761","Balrocurp"
"280","Penstemon barbatus","Penstemon barbatus","PP26701","Novapenpin"
"281","Penstemon barbatus","Penstemon barbatus","PP34875","Dopensprinig"
"282","Penstemon barbatus","Penstemon barbatus","PP27316","Novapenpur"
"283","Penstemon barbatus","Penstemon barbatus","PP34847","DOPENSPRISPRIM"
"284","Penstemon barbatus","Penstemon barbatus","PP35066","Dopenspripripin"
"285","Phlox paniculata","Phlox paniculata","PP30781","Balkapopur"
"286","Phlox paniculata","Phlox paniculata","PP33218","Dophlflaprosopi"
"287","Phlox paniculata","Phlox paniculata","PP22749","Barsixtyfive"
"288","Phlox paniculata","Phlox paniculata","PP21369","Ditomfav"
"289","Phlox paniculata","Phlox paniculata","PP16865","Junior Bouquet"
"290","Phlox paniculata","Phlox paniculata","PP22211","Barsixty"
"291","Phlox paniculata","Phlox paniculata","PP22720","Barsixtyfour"
"292","Phlox paniculata","Phlox paniculata","PP29864","Verspurple"
"293","Phlox paniculata","Phlox paniculata","PP20216","Valentina"
"294","Phlox paniculata","Phlox paniculata","PP20802","Pink Lady"
"295","Phlox paniculata","Phlox paniculata","PP20331","Blushing Shortwood"
"296","Phlox paniculata","Phlox paniculata","PP30779","Balkapopink"
"297","Phlox paniculata","Phlox paniculata","PP20569","Ditostem"
"298","Phlox paniculata","Phlox paniculata","PP21330","Nadia"
"299","Phlox paniculata","Phlox paniculata","PP29910","Cherry Cream"
"300","Phlox paniculata","Phlox paniculata","PP33398","Dophlflaproli"
"301","Phlox paniculata","Phlox paniculata","PP33607","Ultraviolet"
"302","Phlox paniculata","Phlox paniculata","PP19968","Pina Colada"
"303","Phlox paniculata","Phlox paniculata","PP32287","Uptown Girl"
"304","Phlox paniculata","Phlox paniculata","PP20593","Ditosmel"
"305","Phlox paniculata","Phlox paniculata","PP28809","Appottpi"
"306","Phlox paniculata","Phlox paniculata","PP35222","Sunset Coral"
"307","Phlox paniculata","Phlox paniculata","PP29976","Verpri"
"308","Phlox paniculata","Phlox paniculata","PP34741","Dophloflawa"
"309","Phlox paniculata","Phlox paniculata","PP30780","Balkapolav"
"310","Phlox paniculata","Phlox paniculata","PP16341","Barthirtyfour"
"311","Phlox paniculata","Phlox paniculata","PP33374","Dophlflalipiim"
"312","Phlox paniculata","Phlox paniculata","PP33188","Balsukapin"
"313","Phlox paniculata","Phlox paniculata","PP25778","Glamour Girl"
"314","Phlox paniculata","Phlox paniculata","PP20189","Alexandra"
"315","Phlox paniculata","Phlox paniculata","PP22961","Thai Pink Jade"
"316","Phlox paniculata","Phlox paniculata","PP26910","Goldmine Imp"
"317","Phlox paniculata","Phlox paniculata","PP16059","Junior Dance"
"318","Phlox paniculata","Phlox paniculata","PP19603","Cosmopolitan"
"319","Phlox paniculata","Phlox paniculata","PP28144","Versred"
"320","Phlox paniculata","Phlox paniculata","PP31924","IFPHLFRS"
"321","Phlox paniculata","Phlox paniculata","PP27675","Cleopatra"
"322","Phlox paniculata","Phlox paniculata","PP16721","Barthirtysix"
"323","Phlox paniculata","Phlox paniculata","PP16437","Barthirtythree"
"324","Phlox paniculata","Phlox paniculata","PP30156","HOG1702"
"325","Phlox paniculata","Phlox paniculata","PP17380","Spinners"
"326","Phlox paniculata","Phlox paniculata","PP32324","Party Girl"
"327","Phlox paniculata","Phlox paniculata","PP19600","Fondant Fancy"
"328","Phlox paniculata","Phlox paniculata","PP31360","Ditopiwi"
"329","Phlox paniculata","Phlox paniculata","PP33863","Balsukaco"
"330","Phlox paniculata","Phlox paniculata","PP20596","Ditosse"
"331","Phlox paniculata","Phlox paniculata","PP23663","Tiara"
"332","Phlox paniculata","Phlox paniculata","PP33187","Balsukawi"
"333","Phlox paniculata","Phlox paniculata","PP33397","Dophlflama"
"334","Phlox paniculata","Phlox paniculata","PP33022","Balsukalav"
"335","Phlox paniculata","Phlox paniculata","PP28814","Appotwce"
"336","Phlox paniculata","Phlox paniculata","PP17468","Delilah"
"337","Phlox paniculata","Phlox paniculata","PP21171","Ditomfra"
"338","Phlox paniculata","Phlox paniculata","PP35244","Dophlearlapop"
"339","Phlox paniculata","Phlox paniculata","PP21787","Aureole"
"340","Phlox paniculata","Phlox paniculata","PP33372","Dophlflacoim"
"341","Phlox paniculata","Phlox paniculata","PP33373","Dophlflawhim"
"342","Phlox paniculata","Phlox paniculata","PP16596","Pleasant Feelings"
"343","Phlox paniculata","Phlox paniculata","PP26070","Versoldblue"
"344","Phlox paniculata","Phlox paniculata","PP21109","Ditomsur"
"345","Phlox paniculata","Phlox paniculata","PP16605","Junior Fountain"
"346","Phlox paniculata","Phlox paniculata","PP26102","Verscerise"
"347","Phlox paniculata","Phlox paniculata","PP23265","Shockwave"
"348","Phlox paniculata","Phlox paniculata","PP31949","IFPHLFC"
"349","Phlox paniculata","Phlox paniculata","PP28810","Appofamwe"
"350","Phlox paniculata","Phlox paniculata","PP33885","Balsukalu"
"351","Phlox paniculata","Phlox paniculata","PP29595","HOG1701"
"352","Phlox paniculata","Phlox paniculata","PP33275","Dophloxearpupineye"
"353","Phlox paniculata","Phlox paniculata","PP16104","Junior Dream"
"354","Phlox paniculata","Phlox paniculata","PP31981","Dophloxearpica"
"355","Phlox paniculata","Phlox paniculata","PP19210","Pure Feelings"
"356","Phlox paniculata","Phlox paniculata","PP33770","Balkaposin"
"357","Phlox paniculata","Phlox paniculata","PP33679","Dophloflapropipo"
"358","Phlox paniculata","Phlox paniculata","PP16218","Barthirtyone"
"359","Phlox paniculata","Phlox paniculata","PP26352","Jordan Schuster"
"360","Phlox paniculata","Phlox paniculata","PP33005","Balsukafus"
"361","Phlox paniculata","Phlox paniculata","PP26139","Versoldpink"
"362","Phlox paniculata","Phlox paniculata","PP21754","Neon Flare"
"363","Phlox paniculata","Phlox paniculata","PP27557","Versde"
"364","Phlox paniculata","Phlox paniculata","PP17793","David's Lavender"
"365","Phlox paniculata","Phlox paniculata","PP28782","Appotwpu"
"366","Phlox paniculata","Phlox paniculata","PP24790","Versbicolor"
"367","Phlox paniculata","Phlox paniculata","PP16722","Barthirtyfive"
"368","Phlox paniculata","Phlox paniculata","PP22234","Barsixtytwo"
"369","Phlox paniculata","Phlox paniculata","PP28644","Barphearcer"
"370","Phlox paniculata","Phlox paniculata","PP35355","Dophlearblupop"
"371","Phlox paniculata","Phlox paniculata","PP20907","Ditomdre"
"372","Phlox paniculata","Phlox paniculata","PP20801","Strawberry Daiquiri"
"373","Phlox paniculata","Phlox paniculata","PP18196","Peppermint Twist"
"374","Phlox paniculata","Phlox paniculata","PP26256","Barseventynine"
"375","Phlox paniculata","Phlox paniculata","PP33295","Opalescence"
"376","Phlox paniculata","Phlox paniculata","PP28808","Appofamcer"
"377","Phlox paniculata","Phlox paniculata","PP22926","Party Punch"
"378","Phlox paniculata","Phlox paniculata","PP16259","Bartwentynine"
"379","Phlox paniculata","Phlox paniculata","PP16436","Barthirtytwo"
"380","Phlox paniculata","Phlox paniculata","PP33680","Dophlofalista"
"381","Phlox paniculata","Phlox paniculata","PP28813","Appottpu"
"382","Phlox paniculata","Phlox paniculata","PP28128","Smokey"
"383","Phlox paniculata","Phlox paniculata","PP32323","Cover Girl"
"384","Phlox paniculata","Phlox paniculata","PP29594","Versorange"
"385","Phlox paniculata","Phlox paniculata","PP22925","Verswhite"
"386","Phlox paniculata","Phlox paniculata","PP18163","Candy Floss"
"387","Phlox paniculata","Phlox paniculata","PP35787","Prismatic Pink"
"388","Phlox paniculata","Phlox paniculata","PP33334","Verschercru"
"389","Phlox paniculata","Phlox paniculata","PP19183","Grenadine Dream"
"390","Phlox paniculata","Phlox paniculata","PP18158","Wendy House"
"391","Phlox paniculata","Phlox paniculata","PP31092","PHMZ0002"
"392","Phlox paniculata","Phlox paniculata","PP23734","‘Twister’"
"393","Phlox paniculata","Phlox paniculata","PP33077","Olympus"
"394","Phlox paniculata","Phlox paniculata","PP19048","Grenadine Dream"
"395","Phlox paniculata","Phlox paniculata","PP33023","Balkapowi"
"396","Phlox paniculata","Phlox paniculata","PP30485","Green Lion"
"397","Phlox paniculata","Phlox paniculata","PP22960","Lord Clayton"
"398","Phlox paniculata","Phlox paniculata","PP15927","Junior Surprise"
"399","Phlox paniculata","Phlox paniculata","PP28811","Appotwwh"
"400","Phlox paniculata","Phlox paniculata","PP26255","Blind Lion"
"401","Phlox paniculata","Phlox paniculata","PP22663","Barsixtythree"
"402","Phlox paniculata","Phlox paniculata","PP31950","IFPHLFM"
"403","Phlox paniculata","Phlox paniculata","PP27558","Verscan"
"404","Phlox paniculata","Phlox paniculata","PP33335","Versluck"
"405","Phlox paniculata","Phlox paniculata","PP33375","Dophlflaproce"
"406","Phlox paniculata","Phlox paniculata","PP20597","Ditosdre"
"407","Phlox paniculata","Phlox paniculata","PP28781","Appofalp"
"408","Phlox paniculata","Phlox paniculata","PP20803","Red Caribbean"
"409","Phlox paniculata","Phlox paniculata","PP30782","Balkapowibi"
"410","Phlox paniculata","Phlox paniculata","PP22223","Barsixtyone"
"411","Phlox paniculata","Phlox paniculata","PP20800","Tequila Sunrise"
"412","Phlox paniculata","Phlox paniculata","PP21878","Jade"
"413","Phlox paniculata","Phlox paniculata","PP28646","Barphflare"
"414","Phlox paniculata","Phlox paniculata","PP28812","Appottwh"
"415","Portulaca umbraticola Kunth","Portulaca umbraticola","PP29085","LAZPRT1505"
"416","Portulaca umbraticola Kunth","Portulaca umbraticola","PP29785","LAZPRT1703"
"417","Portulaca umbraticola Kunth","Portulaca umbraticola","PP29496","LAZPRT1617"
"418","Portulaca umbraticola Kunth","Portulaca umbraticola","PP29084","LAZPRT1507"
"419","Portulaca umbraticola Kunth","Portulaca umbraticola","PP29530","LAZPRT1607"
"420","Portulaca umbraticola Kunth","Portulaca umbraticola","PP29494","LAZPRT1612"
"421","Portulaca umbraticola Kunth","Portulaca umbraticola","PP29493","LAZPRT1604"
"422","Portulaca umbraticola Kunth","Portulaca umbraticola","PP29786","LAZPRT1705"
"423","Portulaca umbraticola Kunth","Portulaca umbraticola","PP29083","LAZPRT1508"
"424","Portulaca umbraticola Kunth","Portulaca umbraticola","PP29082","LAZPRT1502"
"425","Portulaca umbraticola Kunth","Portulaca umbraticola","PP29821","LAZPRT1707"
"426","Portulaca umbraticola Kunth","Portulaca umbraticola","PP29495","LAZPRT1609"
"427","Sisyrinchium atlanticum","Sisyrinchium atlanticum","PP21799","Sunsisicre"
"428","Sisyrinchium atlanticum","Sisyrinchium atlanticum","PP21801","Sunsisibu"
"429","Sisyrinchium atlanticum","Sisyrinchium atlanticum","PP21800","Sunsisiki"
"430","Rudbeckia hirta","Rudbeckia hirta","PP32570","RUDLS291"
"431","Rudbeckia hirta","Rudbeckia hirta","PP32902","RUDLO175"
"432","Rudbeckia hirta","Rudbeckia hirta","PP32572","RUDLU203"
"433","Rudbeckia hirta","Rudbeckia hirta","PP32568","RUDBR159"
"434","Rudbeckia hirta","Rudbeckia hirta","PP30728","RUDHT25"
"435","Rudbeckia hirta","Rudbeckia hirta","PP30727","RUDHT53"
"436","Rudbeckia hirta","Rudbeckia hirta","PP32918","RUDLE169"
"437","Rudbeckia hirta","Rudbeckia hirta","PP25496","Balrudosh"
"438","Rudbeckia hirta","Rudbeckia hirta","PP35628","Lion Cub"
"439","Rudbeckia hirta","Rudbeckia hirta","PP32571","RUDBL242"
"440","Rudbeckia hirta","Rudbeckia hirta","PP32453","RUDFA538"
"441","Rudbeckia hirta","Rudbeckia hirta","PP32488","RUDPA297"
"442","Rudbeckia hirta","Rudbeckia hirta","PP33490","G16223"
"443","Rudbeckia hirta","Rudbeckia hirta","PP30700","RUDHT17"
"444","Rudbeckia hirta","Rudbeckia hirta","PP30726","RUDHT55"
"445","Rudbeckia hirta","Rudbeckia hirta","PP29532","RRISU01-0"
"446","Rudbeckia hirta","Rudbeckia hirta","PP32454","Rubsol"
"447","Rudbeckia hirta","Rudbeckia hirta","PP30657","RUDHT37"
"448","Rudbeckia hirta","Rudbeckia hirta","PP32962","RUDTI124"
"449","Rudbeckia hirta","Rudbeckia hirta","PP32569","RUDBK166"
"450","Rudbeckia hirta","Rudbeckia hirta","PP32386","RRICG02-0"
"451","Gaura lindheimeri","Oenothera lindheimeri","PP15555","Walgaupf"
"452","Gaura lindheimeri","Oenothera lindheimeri","PP17403","Gaudwwhi"
"453","Gaura lindheimeri","Oenothera lindheimeri","PP30256","GBAWH02-1"
"454","Gaura lindheimeri","Oenothera lindheimeri","PP15479","Bijou Butterflies"
"455","Gaura lindheimeri","Oenothera lindheimeri","PP26307","BARGAU"
"456","Gaura lindheimeri","Oenothera lindheimeri","PP20326","Baltincite"
"457","Gaura lindheimeri","Oenothera lindheimeri","PP34786","Dogaurgrabl"
"458","Gaura lindheimeri","Oenothera lindheimeri","PP26161","Mr. Liko"
"459","Gaura lindheimeri","Oenothera lindheimeri","PP21904","Summer Emotions"
"460","Gaura lindheimeri","Oenothera lindheimeri","PP26399","Whiskers Deep Rose"
"461","Gaura lindheimeri","Oenothera lindheimeri","PP23440","KLEGL10716"
"462","Gaura lindheimeri","Oenothera lindheimeri","PP32381","DGASTEFBP"
"463","Gaura lindheimeri","Oenothera lindheimeri","PP19376","Walsnofou"
"464","Gaura lindheimeri","Oenothera lindheimeri","PP30170","URIBLBP"
"465","Gaura lindheimeri","Oenothera lindheimeri","PP18237","Gaudpin"
"466","Gaura lindheimeri","Oenothera lindheimeri","PP30295","Summer Star Baby"
"467","Gaura lindheimeri","Oenothera lindheimeri","PP30562","DGAUR137"
"468","Gaura lindheimeri","Oenothera lindheimeri","PP25720","GBAWH02-0"
"469","Gaura lindheimeri","Oenothera lindheimeri","PP18279","Gaudros"
"470","Gaura lindheimeri","Oenothera lindheimeri","PP26641","HARRFOLK"
"471","Gaura lindheimeri","Oenothera lindheimeri","PP16565","Gautalwhi"
"472","Gaura lindheimeri","Oenothera lindheimeri","PP36314","DGAUDARIP"
"473","Gaura lindheimeri","Oenothera lindheimeri","PP22290","Harrosy"
"474","Gaura lindheimeri","Oenothera lindheimeri","PP32338","DGASTEFDR"
"475","Gaura lindheimeri","Oenothera lindheimeri","PP17293","SME-2"
"476","Gaura lindheimeri","Oenothera lindheimeri","PP31544","Dogaurgralightpink"
"477","Gaura lindheimeri","Oenothera lindheimeri","PP17002","Passionate Rainbow"
"478","Gaura lindheimeri","Oenothera lindheimeri","PP25603","GBAPI01-0"
"479","Gaura lindheimeri","Oenothera lindheimeri","PP26518","Florgaure"
"480","Gaura lindheimeri","Oenothera lindheimeri","PP17210","Gauheha"
"481","Gaura lindheimeri","Oenothera lindheimeri","PP16008","Nugauwhite"
"482","Gaura lindheimeri","Oenothera lindheimeri","PP16120","Perky Pink"
"483","Gaura lindheimeri","Oenothera lindheimeri","PP31220","Walsilfou"
"484","Gaura lindheimeri","Oenothera lindheimeri","PP26356","Little Janie"
"485","Gaura lindheimeri","Oenothera lindheimeri","PP23646","PASSIONATE RAINBOW PETITE"
"486","Gaura lindheimeri","Oenothera lindheimeri","PP17494","Pink Lady"
"487","Gaura lindheimeri","Oenothera lindheimeri","PP34787","DOGAURGRAPI"
"488","Portulaca oleracea","Portulaca oleracea","PP31067","Doporcuplav"
"489","Portulaca oleracea","Portulaca oleracea","PP24526","SAKPOR006"
"490","Portulaca oleracea","Portulaca oleracea","PP30976","SAKPOR018"
"491","Portulaca oleracea","Portulaca oleracea","PP30415","KLEPO17022"
"492","Portulaca oleracea","Portulaca oleracea","PP23244","DPAZ16"
"493","Portulaca oleracea","Portulaca oleracea","PP34746","DPORMPZGL"
"494","Portulaca oleracea","Portulaca oleracea","PP24601","SAKPOR004"
"495","Portulaca oleracea","Portulaca oleracea","PP16152","Kakegawa CY4"
"496","Portulaca oleracea","Portulaca oleracea","PP34745","‘DPORMPZO’"
"497","Portulaca oleracea","Portulaca oleracea","PP24600","SAKPO002"
"498","Portulaca oleracea","Portulaca oleracea","PP27540","DPAZFCHSIA"
"499","Portulaca oleracea","Portulaca oleracea","PP17418","Balrioyel"
"500","Portulaca oleracea","Portulaca oleracea","PP34458","‘DPORMPZDAP’"
"501","Portulaca oleracea","Portulaca oleracea","PP23245","DPAZ17"
"502","Portulaca oleracea","Portulaca oleracea","PP28579","SAKPOR012"
"503","Portulaca oleracea","Portulaca oleracea","PP17407","Balrioapt"
"504","Portulaca oleracea","Portulaca oleracea","PP23243","DPAZ15"
"505","Portulaca oleracea","Portulaca oleracea","PP24528","SAKPOR001"
"506","Portulaca oleracea","Portulaca oleracea","PP32693","POR16000"
"507","Portulaca oleracea","Portulaca oleracea","PP28526","SAKPOR011"
"508","Portulaca oleracea","Portulaca oleracea","PP34694","DPORMPZPUP"
"509","Portulaca oleracea","Portulaca oleracea","PP31103","Doporcuporze"
"510","Portulaca oleracea","Portulaca oleracea","PP31068","Doporcuplem"
"511","Portulaca oleracea","Portulaca oleracea","PP17241","Balriorg"
"512","Portulaca oleracea","Portulaca oleracea","PP28578","SAKPOR009"
"513","Portulaca oleracea","Portulaca oleracea","PP28618","SAKPOR013"
"514","Portulaca oleracea","Portulaca oleracea","PP29314","DPAZORFLAR"
"515","Portulaca oleracea","Portulaca oleracea","PP24527","SAKPOR003"
"516","Portulaca oleracea","Portulaca oleracea","PP28577","SAKPOR010"
"517","Portulaca oleracea","Portulaca oleracea","PP17408","Balriowite"
"518","Portulaca oleracea","Portulaca oleracea","PP17240","Balriorose"
"519","Portulaca oleracea","Portulaca oleracea","PP17357","Balrioscar"
"520","Portulaca oleracea","Portulaca oleracea","PP24599","SAKPOR005"
"521","Portulaca oleracea","Portulaca oleracea","PP31066","Doporcuprasp"
"522","Portulaca oleracea","Portulaca oleracea","PP35361","DPOPAZNFUI"
"523","Physocarpus opulifolius","Physocarpus opulifolius","PP34243","ZLEMichael"
"524","Physocarpus opulifolius","Physocarpus opulifolius","PP28059","Hoogi018"
"525","Physocarpus opulifolius","Physocarpus opulifolius","PP29892","Minall2"
"526","Physocarpus opulifolius","Physocarpus opulifolius","PP33092","Jefroy"
"527","Physocarpus opulifolius","Physocarpus opulifolius","PP28857","SMNPOTWG"
"528","Physocarpus opulifolius","Physocarpus opulifolius","PP34624","ZLENora"
"529","Physocarpus opulifolius","Physocarpus opulifolius","PP30232","SMNPMS"
"530","Physocarpus opulifolius","Physocarpus opulifolius","PP26246","Bert Dart's G"
"531","Physocarpus opulifolius","Physocarpus opulifolius","PP26749","SMPOTW"
"532","Physocarpus opulifolius","Physocarpus opulifolius","PP31235","ZLEBic5"
"533","Physocarpus opulifolius","Physocarpus opulifolius","PP34993","LP1"
"534","Physocarpus opulifolius","Physocarpus opulifolius","PP30820","N5"
"535","Physocarpus opulifolius","Physocarpus opulifolius","PP34244","ZLENatalie"
"536","Physocarpus opulifolius","Physocarpus opulifolius","PP33455","MINBLA3"
"537","Physocarpus opulifolius","Physocarpus opulifolius","PP36301","GRDARK01"
"538","Physocarpus opulifolius","Physocarpus opulifolius","PP35794","Auntie B"
"539","Physocarpus opulifolius","Physocarpus opulifolius","PP22362","Podaras 3"
"540","Physocarpus opulifolius","Physocarpus opulifolius","PP27663","POIPD2"
"541","Physocarpus opulifolius","Physocarpus opulifolius","PP16894","Center Glow"
"542","Physocarpus opulifolius","Physocarpus opulifolius","PP28695","SMNPOBLR"
"543","Physocarpus opulifolius","Physocarpus opulifolius","PP28793","Couriphy01"
"544","Physocarpus opulifolius","Physocarpus opulifolius","PP27986","Hoogi021"
"545","Physocarpus opulifolius","Physocarpus opulifolius","PP27551","SMPOMINI"
"546","Physocarpus opulifolius","Physocarpus opulifolius","PP23177","‘Jefam’"
"547","Physocarpus opulifolius","Physocarpus opulifolius","PP36138","SMPOCGT"
"548","Physocarpus opulifolius","Physocarpus opulifolius","PP22363","Podaras 2"
"549","Physocarpus opulifolius","Physocarpus opulifolius","PP27874","JONIGHT"
"550","Physocarpus opulifolius","Physocarpus opulifolius","PP21560","Gelesq"
"551","Physocarpus opulifolius","Physocarpus opulifolius","PP22361","Podaras 1"
"552","Physocarpus opulifolius","Physocarpus opulifolius","PP35764","SueCKat"
"553","Physocarpus opulifolius","Physocarpus opulifolius","PP18660","Lady In Red"
"554","Physocarpus opulifolius","Physocarpus opulifolius","PP30792","UMNHarpell"
"555","Physocarpus opulifolius","Physocarpus opulifolius","PP31198","ZLEYe12"
"556","Physocarpus opulifolius","Physocarpus opulifolius","PP20598","Tres"
"557","Physocarpus opulifolius","Physocarpus opulifolius","PP22634","Donna May"
"558","Physocarpus opulifolius","Physocarpus opulifolius","PP31234","Hoogi031"
"559","Physocarpus opulifolius","Physocarpus opulifolius","PP16371","Mindia"
"560","Fragaria ananassa","Fragaria x ananassa","PP28755","BG-6.3016"
"561","Fragaria ananassa","Fragaria x ananassa","PP33475","SB_10_86-107"
"562","Fragaria ananassa","Fragaria x ananassa","PP15597","PS-2880"
"563","Fragaria ananassa","Fragaria x ananassa","PP21415","Reliance"
"564","Fragaria ananassa","Fragaria x ananassa","PP17725","BG-1975"
"565","Fragaria ananassa","Fragaria x ananassa","PP26209","PE-6.2036"
"566","Fragaria ananassa","Fragaria x ananassa","PP20307","MARVEL"
"567","Fragaria ananassa","Fragaria x ananassa","PP23257","BG-4315"
"568","Fragaria ananassa","Fragaria x ananassa","PP20077","PRESTIGE"
"569","Fragaria ananassa","Fragaria x ananassa","PP35234","SB_14_223-007"
"570","Fragaria ananassa","Fragaria x ananassa","PP26194","PE-3.222"
"571","Fragaria ananassa","Fragaria x ananassa","PP20647","TAMIR"
"572","Fragaria ananassa","Fragaria x ananassa","PP16971","Cabot"
"573","Fragaria ananassa","Fragaria x ananassa","PP35730","SB_15_089-060"
"574","Fragaria ananassa","Fragaria x ananassa","PP31960","BG-10.3181"
"575","Fragaria ananassa","Fragaria x ananassa","PP20291","PS-5096"
"576","Fragaria ananassa","Fragaria x ananassa","PP33476","SANTA MARIA"
"577","Fragaria ananassa","Fragaria x ananassa","PP25895","BG-6.3024"
"578","Fragaria ananassa","Fragaria x ananassa","PP31913","PE-7.2054"
"579","Fragaria ananassa","Fragaria x ananassa","PP23255","BG-4316"
"580","Fragaria ananassa","Fragaria x ananassa","PP32436","PS-10.1160"
"581","Fragaria ananassa","Fragaria x ananassa","PP28756","PE-7.2059"
"582","Fragaria ananassa","Fragaria x ananassa","PP35978","SB 15.001.011"
"583","Fragaria ananassa","Fragaria x ananassa","PP32435","BG-10.3169"
"584","Fragaria ananassa","Fragaria x ananassa","PP23745","MERIT"
"585","Fragaria ananassa","Fragaria x ananassa","PP27587","NJ99-204-1"
"586","Fragaria ananassa","Fragaria x ananassa","PP35703","SB_14_028-025"
"587","Fragaria ananassa","Fragaria x ananassa","PP25865","BG-4.367"
"588","Fragaria ananassa","Fragaria x ananassa","PP35166","BG-12.3258"
"589","Fragaria ananassa","Fragaria x ananassa","PP32017","BG-9.3147"
"590","Fragaria ananassa","Fragaria x ananassa","PP34737","Constitution'"
"591","Fragaria ananassa","Fragaria x ananassa","PP20394","VALOR"
"592","Fragaria ananassa","Fragaria x ananassa","PP36028","PS-14.762.054"
"593","Fragaria ananassa","Fragaria x ananassa","PP26195","PE-3.219"
"594","Fragaria ananassa","Fragaria x ananassa","PP20970","Rotemi"
"595","Fragaria ananassa","Fragaria x ananassa","PP34965","SB_13_177-015"
"596","Fragaria ananassa","Fragaria x ananassa","PP23256","BG-3.324"
"597","Fragaria ananassa","Fragaria x ananassa","PP31148","BG-9.3128"
"598","Fragaria ananassa","Fragaria x ananassa","PP34950","BG-11.3209"
"599","Fragaria ananassa","Fragaria x ananassa","PP20995","Shaked"
"600","Fragaria ananassa","Fragaria x ananassa","PP17312","PS-5016"
"601","Fragaria ananassa","Fragaria x ananassa","PP35179","SB_13_164-042"
"602","Fragaria ananassa","Fragaria x ananassa","PP20308","GLORY"
"603","Fragaria ananassa","Fragaria x ananassa","PP23290","PS-1.125"
"604","Fragaria ananassa","Fragaria x ananassa","PP16558","Sabrosa"
"605","Fragaria ananassa","Fragaria x ananassa","PP16859","Brunswick"
"606","Fragaria ananassa","Fragaria x ananassa","PP33577","BG-12.3241"
"607","Fragaria ananassa","Fragaria x ananassa","PP33512","PINTA"
"608","Fragaria ananassa","Fragaria x ananassa","PP23291","PS-3.108"
"609","Fragaria ananassa","Fragaria x ananassa","PP34951","SB_14_225-001"
"610","Fragaria ananassa","Fragaria x ananassa","PP19583","PS-5298"
"611","Fragaria ananassa","Fragaria x ananassa","PP27544","NJ08-08-6"
"612","Fragaria ananassa","Fragaria x ananassa","PP34750","‘SB_14_169-039’"
"613","Fragaria ananassa","Fragaria x ananassa","PP28310","MALGA"
"614","Fragaria ananassa","Fragaria x ananassa","PP29794","INSPIRE"
"615","Fragaria ananassa","Fragaria x ananassa","PP26193","PRIZE"
"616","Fragaria ananassa","Fragaria x ananassa","PP17864","BG-959"
"617","Fragaria ananassa","Fragaria x ananassa","PP32433","BG-11.3205"
"618","Fragaria ananassa","Fragaria x ananassa","PP17487","PS-4634"
"619","Fragaria ananassa","Fragaria x ananassa","PP34738","SB_13_164-030"
"620","Fragaria ananassa","Fragaria x ananassa","PP24950","TRIUMPH"
"621","Fragaria ananassa","Fragaria x ananassa","PP33359","SB_12_53-118"
"622","Fragaria ananassa","Fragaria x ananassa","PP29795","BG-6.3010"
"623","Fragaria ananassa","Fragaria x ananassa","PP33784","NJ09-2-1"
"624","Fragaria ananassa","Fragaria x ananassa","PP26921","BG-4.352"
"625","Fragaria ananassa","Fragaria x ananassa","PP20309","PREMIER"
"626","Ilex verticillata","Ilex verticillata","PP34091","C-11-46-77-23"
"627","Ilex verticillata","Ilex verticillata","PP35923","B-1-17"
"628","Ilex verticillata","Ilex verticillata","PP25835","FarrowBPop"
"629","Ilex verticillata","Ilex verticillata","PP29055","BB9"
"630","Ilex verticillata","Ilex verticillata","PP27109","NCIV1"
"631","Ilex verticillata","Ilex verticillata","PP28937","NCIV3"
"632","Ilex verticillata","Ilex verticillata","PP31749","B-43-4"
"633","Ilex verticillata","Ilex verticillata","PP35806","DD-21"
"634","Ilex verticillata","Ilex verticillata","PP29056","GG11"
"635","Ilex verticillata","Ilex verticillata","PP28938","NCIV2"
"636","Ilex verticillata","Ilex verticillata","PP25834","FarrowMrP"
"637","Rubus occidentalis","Rubus occidentalis","PP17727","Explorer"
"638","Rubus occidentalis","Rubus occidentalis","PP27131","Niwot"
"639","Echinacea purpurea","Echinacea purpurea","PP17298","Sparkler"
"640","Echinacea purpurea","Echinacea purpurea","PP18597","Avalanche"
"641","Echinacea purpurea","Echinacea purpurea","PP18133","Elton Knight"
"642","Echinacea purpurea","Echinacea purpurea","PP19398","Norwhinat"
"643","Echinacea purpurea","Echinacea purpurea","PP35310","BullEchipur 110"
"644","Echinacea purpurea","Echinacea purpurea","PP35770","BullEchipur 115"
"645","Echinacea purpurea","Echinacea purpurea","PP18817","Pink Sorbet"
"646","Echinacea purpurea","Echinacea purpurea","PP18684","Virgin"
"647","Echinacea purpurea","Echinacea purpurea","PP28617","HILMOOOJOY"
"648","Echinacea purpurea","Echinacea purpurea","PP20498","Mistral"
"649","Echinacea purpurea","Echinacea purpurea","PP20911","Green Queen"
"650","Echinacea purpurea","Echinacea purpurea","PP30378","Drop352"
"651","Echinacea purpurea","Echinacea purpurea","PP23979","Eccentric"
"652","Echinacea purpurea","Echinacea purpurea","PP17209","Fancy Frills"
"653","Echinacea purpurea","Echinacea purpurea","PP20620","Conevin"
"654","Echinacea purpurea","Echinacea purpurea","PP24330","Ferris Wheel"
"655","Echinacea purpurea","Echinacea purpurea","PP23241","Quills and Thrills"
"656","Echinacea purpurea","Echinacea purpurea","PP19428","Pink Poodle"
"657","Echinacea purpurea","Echinacea purpurea","PP17194","Hope"
"658","Echinacea purpurea","Echinacea purpurea","PP18678","Green Jewel"
"659","Echinacea purpurea","Echinacea purpurea","PP18583","Pink Shuttles"
"660","Echinacea purpurea","Echinacea purpurea","PP30410","ECH391"
"661","Echinacea purpurea","Echinacea purpurea","PP30322","Sweet342"
"662","Echinacea purpurea","Echinacea purpurea","PP22999","Satin Nights"
"663","Echinacea purpurea","Echinacea purpurea","PP33799","BullEchipur 1201"
"664","Echinacea purpurea","Echinacea purpurea","PP29955","Whites331"
"665","Echinacea purpurea","Echinacea purpurea","PP18814","Merlot"
"666","Echinacea purpurea","Echinacea purpurea","PP21870","Little Angel"
"667","Echinacea purpurea","Echinacea purpurea","PP35360","BullEchipur 109"
"668","Echinacea purpurea","Echinacea purpurea","PP20537","Meringue"
"669","Echinacea purpurea","Echinacea purpurea","PP18412","Mars"
"670","Echinacea purpurea","Echinacea purpurea","PP17547","Alaska"
"671","Echinacea purpurea","Echinacea purpurea","PP35374","BullEchipur 107"
"672","Echinacea purpurea","Echinacea purpurea","PP17172","Green Eyes"
"673","Echinacea purpurea","Echinacea purpurea","PP23996","Summer Salsa"
"674","Echinacea purpurea","Echinacea purpurea","PP18429","Fatal Attraction"
"675","Echinacea purpurea","Echinacea purpurea","PP19441","Purity"
"676","Echinacea purpurea","Echinacea purpurea","PP16183","Little Giant"
"677","Echinacea purpurea","Echinacea purpurea","PP20411","Red Knee High"
"678","Echinacea purpurea","Echinacea purpurea","PP28573","Rainb299"
"679","Echinacea purpurea","Echinacea purpurea","PP23348","Piccolino"
"680","Echinacea purpurea","Echinacea purpurea","PP35463","BullEchipur 112"
"681","Echinacea purpurea","Echinacea purpurea","PP15973","Little Magnus"
"682","Echinacea purpurea","Echinacea purpurea","PP35599","BullEchipur 111"
"683","Echinacea purpurea","Echinacea purpurea","PP35286","BullEchipur 106"
"684","Echinacea purpurea","Echinacea purpurea","PP34842","Hilmoomotiv"
"685","Echinacea purpurea","Echinacea purpurea","PP24458","Butterfly Kisses"
"686","Echinacea purpurea","Echinacea purpurea","PP19494","Mount Hood"
"687","Echinacea purpurea","Echinacea purpurea","PP20756","Irresistible"
"688","Echinacea purpurea","Echinacea purpurea","PP22000","Catharina"
"689","Echinacea purpurea","Echinacea purpurea","PP35359","BullEchipur 108"
"690","Echinacea purpurea","Echinacea purpurea","PP18617","Coconut Lime"
"691","Echinacea purpurea","Echinacea purpurea","PP35887","DWGBO20"
"692","Echinacea purpurea","Echinacea purpurea","PP31675","JS Engeltje"
"693","Echinacea purpurea","Echinacea purpurea","PP26075","Fourth of July"
"694","Echinacea purpurea","Echinacea purpurea","PP18803","Pink Double Delight"
"695","Echinacea purpurea","Echinacea purpurea","PP32869","Hilmoocour"
"696","Echinacea purpurea","Echinacea purpurea","PP18841","Lilliput"
"697","Echinacea purpurea","Echinacea purpurea","PP23819","Red Baron"
"698","Echinacea purpurea","Echinacea purpurea","PP33620","ES18-20-01"
"699","Echinacea purpurea","Echinacea purpurea","PP28616","Hilmooocosy"
"700","Echinacea purpurea","Echinacea purpurea","PP21630","Polar Breeze"
"701","Echinacea purpurea","Echinacea purpurea","PP28525","Echcher298"
"702","Echinacea purpurea","Echinacea purpurea","PP20594","Milkshake"
"703","Echinacea purpurea","Echinacea purpurea","PP16054","Fragrant Angel"
"704","Fragaria×ananassa Duch.","Fragaria x ananassa","PP25436","Merced"
"705","Fragaria×ananassa Duch.","Fragaria x ananassa","PP16228","Albion"
"706","Fragaria×ananassa Duch.","Fragaria x ananassa","PP27830","Cabrillo"
"707","Fragaria×ananassa Duch.","Fragaria x ananassa","PP22542","Benicia"
"708","Fragaria×ananassa Duch.","Fragaria x ananassa","PP23338","NABILA"
"709","Fragaria×ananassa Duch.","Fragaria x ananassa","PP21381","Eves Delight"
"710","Fragaria×ananassa Duch.","Fragaria x ananassa","PP18111","Saint-Jean d'Orleans"
"711","Fragaria×ananassa Duch.","Fragaria x ananassa","PP22717","Viva Patricia"
"712","Fragaria×ananassa Duch.","Fragaria x ananassa","PP22589","Mojave"
"713","Fragaria×ananassa Duch.","Fragaria x ananassa","PP26059","Amandine"
"714","Fragaria×ananassa Duch.","Fragaria x ananassa","PP26709","Fronteras"
"715","Fragaria×ananassa Duch.","Fragaria x ananassa","PP26708","Grenada"
"716","Fragaria×ananassa Duch.","Fragaria x ananassa","PP26683","Petaluma"
"717","Fragaria×ananassa Duch.","Fragaria x ananassa","PP21380","Sweet Eve"
"718","Fragaria×ananassa Duch.","Fragaria x ananassa","PP23328","RANIA"
"719","Fragaria×ananassa Duch.","Fragaria x ananassa","PP23339","CAPRI"
"720","Vitis labrusca","Vitis labrusca","PP34121","CXG20"
"721","Glandularia canadensis","Verbena canadensis","PP35995","Jelvercaro"
"722","Glandularia canadensis","Verbena canadensis","PP35996","Jelverpurp"
"723","Glandularia canadensis","Verbena canadensis","PP35937","Jelverwhit"
"724","Fragaria x ananassa","Fragaria x ananassa","PP33252","Shannon M. Kent"
"725","Fragaria x ananassa","Fragaria x ananassa","PP34190","Miss Jo"
"726","Fragaria x ananassa","Fragaria x ananassa","PP29967","Malibu (a.k.a. ‘109221’)"
"727","Fragaria x ananassa","Fragaria x ananassa","PP34273","DrisStrawNinety"
"728","Fragaria x ananassa","Fragaria x ananassa","PP30426","Sangria"
"729","Fragaria x ananassa","Fragaria x ananassa","PP29749","DrisStrawFiftyThree"
"730","Fragaria x ananassa","Fragaria x ananassa","PP35197","CBC005"
"731","Fragaria x ananassa","Fragaria x ananassa","PP34241","DrisStrawEightyEight"
"732","Fragaria x ananassa","Fragaria x ananassa","PP30354","SRV36"
"733","Fragaria x ananassa","Fragaria x ananassa","PP30789","DrisStrawSixty"
"734","Fragaria x ananassa","Fragaria x ananassa","PP32535","Dickens"
"735","Fragaria x ananassa","Fragaria x ananassa","PP35910","Plared 19011"
"736","Fragaria x ananassa","Fragaria x ananassa","PP34072","DrisStrawEightyNine"
"737","Fragaria x ananassa","Fragaria x ananassa","PP31083","DrisStrawSixtyThree"
"738","Fragaria x ananassa","Fragaria x ananassa","PP35047","FPS-14_552-008"
"739","Fragaria x ananassa","Fragaria x ananassa","PP33450","BG-12.3266"
"740","Fragaria x ananassa","Fragaria x ananassa","PP34915","‘PE-11.2171’"
"741","Fragaria x ananassa","Fragaria x ananassa","PP31082","Blossomberry"
"742","Fragaria x ananassa","Fragaria x ananassa","PP32930","Caprice"
"743","Fragaria x ananassa","Fragaria x ananassa","PP32079","DrisStrawSixtyEight"
"744","Fragaria x ananassa","Fragaria x ananassa","PP29966","Preakness (a.k.a 108965)"
"745","Fragaria x ananassa","Fragaria x ananassa","PP32418","Eves Delight 2"
"746","Fragaria x ananassa","Fragaria x ananassa","PP30492","Wasatch"
"747","Fragaria x ananassa","Fragaria x ananassa","PP30851","DrisStrawFiftyEight"
"748","Fragaria x ananassa","Fragaria x ananassa","PP34007","Twist"
"749","Fragaria x ananassa","Fragaria x ananassa","PP33090","DrisStrawEightyThree"
"750","Fragaria x ananassa","Fragaria x ananassa","PP30015","Magellan (a.k.a. 108789)"
"751","Fragaria x ananassa","Fragaria x ananassa","PP36346","Plared 18145"
"752","Fragaria x ananassa","Fragaria x ananassa","PP36113","FPS-15.2016-31"
"753","Fragaria x ananassa","Fragaria x ananassa","PP33284","Sierra"
"754","Fragaria x ananassa","Fragaria x ananassa","PP31935","DrisStrawSeventyFour"
"755","Fragaria x ananassa","Fragaria x ananassa","PP29442","P061103V"
"756","Fragaria x ananassa","Fragaria x ananassa","PP34274","DrisStrawNinetyTwo"
"757","Fragaria x ananassa","Fragaria x ananassa","PP34659","DrisStrawNinetyFour"
"758","Fragaria x ananassa","Fragaria x ananassa","PP30818","DrisStrawSixtyFive"
"759","Fragaria x ananassa","Fragaria x ananassa","PP32824","DrisStrawEighty"
"760","Fragaria x ananassa","Fragaria x ananassa","PP35204","Malling Vitality"
"761","Fragaria x ananassa","Fragaria x ananassa","PP33976","SRE36"
"762","Fragaria x ananassa","Fragaria x ananassa","PP35093","DrisStrawOneHundredThree"
"763","Fragaria x ananassa","Fragaria x ananassa","PP30326","Camila"
"764","Fragaria x ananassa","Fragaria x ananassa","PP32305","DrisStrawSeventyThree"
"765","Fragaria x ananassa","Fragaria x ananassa","PP33513","DrisStrawEightySix"
"766","Fragaria x ananassa","Fragaria x ananassa","PP34684","Florice"
"767","Fragaria x ananassa","Fragaria x ananassa","PP36134","CBC015"
"768","Fragaria x ananassa","Fragaria x ananassa","PP29731","DrisStrawFiftySix"
"769","Fragaria x ananassa","Fragaria x ananassa","PP32221","CIVRH612"
"770","Fragaria x ananassa","Fragaria x ananassa","PP32536","Dahli"
"771","Fragaria x ananassa","Fragaria x ananassa","PP34991","FPS-14_540-041"
"772","Fragaria x ananassa","Fragaria x ananassa","PP33760","PEP-12.6010"
"773","Fragaria x ananassa","Fragaria x ananassa","PP31896","DrisStrawSeventyTwo"
"774","Fragaria x ananassa","Fragaria x ananassa","PP30936","DrisStrawSixtyFour"
"775","Fragaria x ananassa","Fragaria x ananassa","PP35909","DrisStrawOneHundredFour"
"776","Fragaria x ananassa","Fragaria x ananassa","PP33283","DrisStrawEightyFive"
"777","Fragaria x ananassa","Fragaria x ananassa","PP34936","PE-11.2175"
"778","Fragaria x ananassa","Fragaria x ananassa","PP29730","DrisStrawFiftyOne"
"779","Fragaria x ananassa","Fragaria x ananassa","PP34265","UCD Mojo"
"780","Fragaria x ananassa","Fragaria x ananassa","PP32434","JFK44"
"781","Fragaria x ananassa","Fragaria x ananassa","PP30491","Redstart"
"782","Fragaria x ananassa","Fragaria x ananassa","PP34637","Ashley Jay"
"783","Fragaria x ananassa","Fragaria x ananassa","PP32579","Bravura"
"784","Fragaria x ananassa","Fragaria x ananassa","PP35158","DrisStrawOneHundredOne"
"785","Fragaria x ananassa","Fragaria x ananassa","PP31295","Octavia (a.k.a. ‘108991’"
"786","Fragaria x ananassa","Fragaria x ananassa","PP35205","Malling Ace"
"787","Fragaria x ananassa","Fragaria x ananassa","PP30775","DrisStrawSixtyOne"
"788","Fragaria x ananassa","Fragaria x ananassa","PP29747","DrisStrawFiftyFive"
"789","Fragaria x ananassa","Fragaria x ananassa","PP32222","CIVRH621"
"790","Fragaria x ananassa","Fragaria x ananassa","PP32499","DrisStrawSeventy"
"791","Fragaria x ananassa","Fragaria x ananassa","PP31655","DrisStrawSeventyEight"
"792","Fragaria x ananassa","Fragaria x ananassa","PP29748","DrisStrawFiftyFour"
"793","Fragaria x ananassa","Fragaria x ananassa","PP33253","Stata"
"794","Fragaria x ananassa","Fragaria x ananassa","PP33070","DrisStrawEightyTwo"
"795","Fragaria x ananassa","Fragaria x ananassa","PP31527","DrisStrawSixtyTwo"
"796","Fragaria x ananassa","Fragaria x ananassa","PP32271","DrisStrawSeventySeven"
"797","Fragaria x ananassa","Fragaria x ananassa","PP30427","Emilia"
"798","Fragaria x ananassa","Fragaria x ananassa","PP34441","DrisStrawNinetyOne"
"799","Fragaria x ananassa","Fragaria x ananassa","PP32498","DrisStrawSeventyNine"
"800","Fragaria x ananassa","Fragaria x ananassa","PP30016","Wenatchee (a.k.a. 108818)"
"801","Fragaria x ananassa","Fragaria x ananassa","PP35258","EMR 639"
"802","Fragaria x ananassa","Fragaria x ananassa","PP36233","Plared 19106"
"803","Fragaria x ananassa","Fragaria x ananassa","PP30981","P061105"
"804","Fragaria x ananassa","Fragaria x ananassa","PP29965","Vaulter"
"805","Fragaria x ananassa","Fragaria x ananassa","PP34777","‘DrisStrawNinetyEight’"
"806","Fragaria x ananassa","Fragaria x ananassa","PP32814","DrisStrawEightyOne"
"807","Fragaria x ananassa","Fragaria x ananassa","PP29964","Allegro"
"808","Fragaria x ananassa","Fragaria x ananassa","PP31233","DrisStrawFiftyNine"
"809","Fragaria x ananassa","Fragaria x ananassa","PP33227","Persephene"
"810","Fragaria x ananassa","Fragaria x ananassa","PP32667","FS 1705"
"811","Fragaria x ananassa","Fragaria x ananassa","PP32500","DrisStrawSeventyOne"
"812","Fragaria x ananassa","Fragaria x ananassa","PP32620","Falco"
"813","Fragaria x ananassa","Fragaria x ananassa","PP34775","DrisStrawNinetySix"
"814","Fragaria x ananassa","Fragaria x ananassa","PP34751","DrisStrawNinetySeven"
"815","Fragaria x ananassa","Fragaria x ananassa","PP31296","Dr. Duncan"
"816","Fragaria x ananassa","Fragaria x ananassa","PP31450","FF 1503"
"817","Fragaria x ananassa","Fragaria x ananassa","PP31827","DrisStrawSeventySix"
"818","Fragaria x ananassa","Fragaria x ananassa","PP34774","PE-13.177.011"
"819","Fragaria x ananassa","Fragaria x ananassa","PP31772","Omaha"
"820","Fragaria x ananassa","Fragaria x ananassa","PP32801","DrisStrawSixtyNine"
"821","Fragaria x ananassa","Fragaria x ananassa","PP33202","Verdi"
"822","Fragaria x ananassa","Fragaria x ananassa","PP34916","‘DrisStrawOneHundred’"
"823","Fragaria x ananassa","Fragaria x ananassa","PP33737","DrisStrawEightyFour"
"824","Fragaria x ananassa","Fragaria x ananassa","PP32193","CIVRL333"
"825","Fragaria x ananassa","Fragaria x ananassa","PP35911","Eves Joy"
"826","Fragaria x ananassa","Fragaria x ananassa","PP32800","Yakima"
"827","Fragaria x ananassa","Fragaria x ananassa","PP32951","FD 1604"
"828","Fragaria x ananassa","Fragaria x ananassa","PP29729","DrisStrawFiftyTwo"
"829","Fragaria x ananassa","Fragaria x ananassa","PP34776","‘DrisStrawNinetyNine’"
"830","Fragaria x ananassa","Fragaria x ananassa","PP34212","DrisStrawNinetyThree"
"831","Fragaria x ananassa","Fragaria x ananassa","PP34440","‘DrisStrawNinetyFive’"
"832","Fragaria x ananassa","Fragaria x ananassa","PP31294","Alicia (a.k.a. ‘109180’)"
"833","Fragaria x ananassa","Fragaria x ananassa","PP29728","DrisStrawFiftySeven"
"834","Fragaria x ananassa","Fragaria x ananassa","PP31703","DrisStrawSixtySix"
"835","Fragaria x ananassa","Fragaria x ananassa","PP31774","LIMVALNERA"
"836","Fragaria x ananassa","Fragaria x ananassa","PP35168","PE-13.119.024"
"837","Fragaria x ananassa","Fragaria x ananassa","PP31773","Rikas FNM"
"838","Fragaria x ananassa","Fragaria x ananassa","PP35657","PE-14.145.059"
"839","Fragaria x ananassa","Fragaria x ananassa","PP35729","Plared 18009"
"840","Fragaria x ananassa","Fragaria x ananassa","PP35092","DrisStrawOneHundredTwo"
"841","Fragaria x ananassa","Fragaria x ananassa","PP32080","DrisStrawSeventyFive"
"842","Vaccinium corymbosum","Vaccinium corymbosum","PP24875","BB05-185GA"
"843","Vaccinium corymbosum","Vaccinium corymbosum","PP32110","Katahdin"
"844","Vaccinium corymbosum","Vaccinium corymbosum","PP36212","NC4499"
"845","Vaccinium corymbosum","Vaccinium corymbosum","PP21736","Blue Moon"
"846","Vaccinium corymbosum","Vaccinium corymbosum","PP35828","FCM17-132"
"847","Vaccinium corymbosum","Vaccinium corymbosum","PP32348","ZF08-029"
"848","Vaccinium corymbosum","Vaccinium corymbosum","PP31822","FC13-122"
"849","Vaccinium corymbosum","Vaccinium corymbosum","PP34769","‘TH-1241’"
"850","Vaccinium corymbosum","Vaccinium corymbosum","PP31648","BB06-126VC-4"
"851","Vaccinium corymbosum","Vaccinium corymbosum","PP29047","ZF08-070"
"852","Vaccinium corymbosum","Vaccinium corymbosum","PP31378","Plablue 1549"
"853","Vaccinium corymbosum","Vaccinium corymbosum","PP23325","ZF06-043"
"854","Vaccinium corymbosum","Vaccinium corymbosum","PP36262","LB-1"
"855","Vaccinium corymbosum","Vaccinium corymbosum","PP28995","FF03-178"
"856","Vaccinium corymbosum","Vaccinium corymbosum","PP26031","Osorno"
"857","Vaccinium corymbosum","Vaccinium corymbosum","PP30421","BB07-7FL-4"
"858","Vaccinium corymbosum","Vaccinium corymbosum","PP20373","Romero"
"859","Vaccinium corymbosum","Vaccinium corymbosum","PP24696","TH-819"
"860","Vaccinium corymbosum","Vaccinium corymbosum","PP33870","FC12-205"
"861","Vaccinium corymbosum","Vaccinium corymbosum","PP20365","Carmen"
"862","Vaccinium corymbosum","Vaccinium corymbosum","PP35365","MSU 120"
"863","Vaccinium corymbosum","Vaccinium corymbosum","PP27324","Anthocyanin Blues"
"864","Vaccinium corymbosum","Vaccinium corymbosum","PP36024","RB A140"
"865","Vaccinium corymbosum","Vaccinium corymbosum","PP31768","Hoogi045"
"866","Vaccinium corymbosum","Vaccinium corymbosum","PP34912","‘TH-1093’"
"867","Vaccinium corymbosum","Vaccinium corymbosum","PP16476","Abundance"
"868","Vaccinium corymbosum","Vaccinium corymbosum","PP33110","BB07-249GA-3"
"869","Vaccinium corymbosum","Vaccinium corymbosum","PP24831","BB06-540FL-12"
"870","Vaccinium corymbosum","Vaccinium corymbosum","PP23336","ZF06-079"
"871","Vaccinium corymbosum","Vaccinium corymbosum","PP33754","TH-1797"
"872","Vaccinium corymbosum","Vaccinium corymbosum","PP32186","FCM14-052"
"873","Vaccinium corymbosum","Vaccinium corymbosum","PP27658","JAAC"
"874","Vaccinium corymbosum","Vaccinium corymbosum","PP24874","BB05-61GA-61"
"875","Vaccinium corymbosum","Vaccinium corymbosum","PP27531","TH-917"
"876","Vaccinium corymbosum","Vaccinium corymbosum","PP32574","BB05-259MI-15"
"877","Vaccinium corymbosum","Vaccinium corymbosum","PP34084","FV1907"
"878","Vaccinium corymbosum","Vaccinium corymbosum","PP30445","BB06-50FL-1"
"879","Vaccinium corymbosum","Vaccinium corymbosum","PP33755","TH-1493"
"880","Vaccinium corymbosum","Vaccinium corymbosum","PP19764","Beaufort"
"881","Vaccinium corymbosum","Vaccinium corymbosum","PP35001","C15-270"
"882","Vaccinium corymbosum","Vaccinium corymbosum","PP34934","TO-1719"
"883","Vaccinium corymbosum","Vaccinium corymbosum","PP26796","OBF0604"
"884","Vaccinium corymbosum","Vaccinium corymbosum","PP26597","OBF0627"
"885","Vaccinium corymbosum","Vaccinium corymbosum","PP33111","BB15-214PO-3"
"886","Vaccinium corymbosum","Vaccinium corymbosum","PP25691","Cipria"
"887","Vaccinium corymbosum","Vaccinium corymbosum","PP31316","TH-1321"
"888","Vaccinium corymbosum","Vaccinium corymbosum","PP20436","DrisBlueThree"
"889","Vaccinium corymbosum","Vaccinium corymbosum","PP32575","BB05-268MI-152"
"890","Vaccinium corymbosum","Vaccinium corymbosum","PP24809","BB05-274MI-139"
"891","Vaccinium corymbosum","Vaccinium corymbosum","PP33868","TH-920"
"892","Vaccinium corymbosum","Vaccinium corymbosum","PP34770","TH-1987"
"893","Vaccinium corymbosum","Vaccinium corymbosum","PP27323","TH-948"
"894","Vaccinium corymbosum","Vaccinium corymbosum","PP31524","BB06-343MI-16"
"895","Vaccinium corymbosum","Vaccinium corymbosum","PP35002","C15-268"
"896","Vaccinium corymbosum","Vaccinium corymbosum","PP19381","FLX-2"
"897","Vaccinium corymbosum","Vaccinium corymbosum","PP30422","BB06-507MI-52"
"898","Vaccinium corymbosum","Vaccinium corymbosum","PP26795","OBF0622"
"899","Vaccinium corymbosum","Vaccinium corymbosum","PP36211","FC10-076"
"900","Vaccinium corymbosum","Vaccinium corymbosum","PP16404","Springhigh"
"901","Vaccinium corymbosum","Vaccinium corymbosum","PP36263","LB-30"
"902","Vaccinium corymbosum","Vaccinium corymbosum","PP35671","BB14-112PT-2"
"903","Vaccinium corymbosum","Vaccinium corymbosum","PP35026","BB14-232PT-2"
"904","Vaccinium corymbosum","Vaccinium corymbosum","PP21777","Huron"
"905","Vaccinium corymbosum","Vaccinium corymbosum","PP34620","BB14-321NA-1"
"906","Vaccinium corymbosum","Vaccinium corymbosum","PP34768","‘TH-896’"
"907","Vaccinium corymbosum","Vaccinium corymbosum","PP28665","TO-1319"
"908","Vaccinium corymbosum","Vaccinium corymbosum","PP25690","Blue Silk"
"909","Vaccinium corymbosum","Vaccinium corymbosum","PP33869","TH-889"
"910","Vaccinium corymbosum","Vaccinium corymbosum","PP32218","TH-931"
"911","Vaccinium corymbosum","Vaccinium corymbosum","PP31863","TH-1125"
"912","Vaccinium corymbosum","Vaccinium corymbosum","PP31684","TH-1876"
"913","Vaccinium corymbosum","Vaccinium corymbosum","PP21881","Hortblue Poppins"
"914","Vaccinium corymbosum","Vaccinium corymbosum","PP33949","FV1908"
"915","Vaccinium corymbosum","Vaccinium corymbosum","PP30087","VacBri 1"
"916","Vaccinium corymbosum","Vaccinium corymbosum","PP32718","TH-1334"
"917","Vaccinium corymbosum","Vaccinium corymbosum","PP36319","BWPBLUE02"
"918","Vaccinium corymbosum","Vaccinium corymbosum","PP24808","BB05-58GA-1"
"919","Vaccinium corymbosum","Vaccinium corymbosum","PP31894","ZZ04120"
"920","Vaccinium corymbosum","Vaccinium corymbosum","PP24638","Clockwork"
"921","Vaccinium corymbosum","Vaccinium corymbosum","PP25995","Calypso"
"922","Vaccinium corymbosum","Vaccinium corymbosum","PP34180","TH-1996"
"923","Vaccinium corymbosum","Vaccinium corymbosum","PP32219","TH-1008"
"924","Vaccinium corymbosum","Vaccinium corymbosum","PP32184","ZF06-089"
"925","Vaccinium corymbosum","Vaccinium corymbosum","PP34975","‘C14-409’"
"926","Vaccinium corymbosum","Vaccinium corymbosum","PP24876","BB07-210FL-18"
"927","Vaccinium corymbosum","Vaccinium corymbosum","PP36197","FC13-044"
"928","Vaccinium corymbosum","Vaccinium corymbosum","PP33961","FV1904"
"929","Vaccinium corymbosum","Vaccinium corymbosum","PP20488","DrisBlueTwo"
"930","Vaccinium corymbosum","Vaccinium corymbosum","PP34085","FV1901"
"931","Vaccinium corymbosum","Vaccinium corymbosum","PP24807","BB05-251MI-14"
"932","Vaccinium corymbosum","Vaccinium corymbosum","PP20449","DrisBlueOne"
"933","Vaccinium corymbosum","Vaccinium corymbosum","PP33782","TH-1872"
"934","Vaccinium corymbosum","Vaccinium corymbosum","PP31793","FC13-083"
"935","Vaccinium corymbosum","Vaccinium corymbosum","PP36340","PE2103"
"936","Vaccinium corymbosum","Vaccinium corymbosum","PP31605","Ridley 1602"
"937","Vaccinium corymbosum","Vaccinium corymbosum","PP31257","BB06-426MI-84"
"938","Vaccinium corymbosum","Vaccinium corymbosum","PP27292","TH-921"
"939","Vaccinium corymbosum","Vaccinium corymbosum","PP21761","Sunset Blue"
"940","Vaccinium corymbosum","Vaccinium corymbosum","PP29986","FF03-015"
"941","Vaccinium corymbosum","Vaccinium corymbosum","PP24932","Velluto Blue"
"942","Vaccinium corymbosum","Vaccinium corymbosum","PP16333","Springwide"
"943","Vaccinium corymbosum","Vaccinium corymbosum","PP19903","Carteret"
"944","Vaccinium corymbosum","Vaccinium corymbosum","PP35435","BB17-321PT-1"
"945","Vaccinium corymbosum","Vaccinium corymbosum","PP33960","FV1906"
"946","Monarda didyma","Monarda didyma","PP28770","Pardon My Lavender"
"947","Monarda didyma","Monarda didyma","PP19580","ACrade"
"948","Monarda didyma","Monarda didyma","PP26594","Balbalmac"
"949","Monarda didyma","Monarda didyma","PP29080","MON0001BHA"
"950","Monarda didyma","Monarda didyma","PP31764","Domonpocde"
"951","Monarda didyma","Monarda didyma","PP25615","Purple Lace"
"952","Monarda didyma","Monarda didyma","PP31738","Domonpocre"
"953","Monarda didyma","Monarda didyma","PP33916","Balbeemin"
"954","Monarda didyma","Monarda didyma","PP34131","Pardon My Lavendar II"
"955","Monarda didyma","Monarda didyma","PP26567","Balbalmose"
"956","Monarda didyma","Monarda didyma","PP28829","Allmobird"
"957","Monarda didyma","Monarda didyma","PP18367","Pink Lace"
"958","Monarda didyma","Monarda didyma","PP26566","Balbalmink"
"959","Monarda didyma","Monarda didyma","PP30226","MONARD0044"
"960","Monarda didyma","Monarda didyma","PP29079","MON0005BTR"
"961","Monarda didyma","Monarda didyma","PP27497","Bubblegum Blast"
"962","Monarda didyma","Monarda didyma","PP29078","MON0004BLI"
"963","Monarda didyma","Monarda didyma","PP24244","Pardon My Pink"
"964","Monarda didyma","Monarda didyma","PP30257","MONARD0039"
"965","Monarda didyma","Monarda didyma","PP27496","Allbell"
"966","Monarda didyma","Monarda didyma","PP27571","Lilac Lollipop"
"967","Monarda didyma","Monarda didyma","PP30225","Allbrav"
"968","Monarda didyma","Monarda didyma","PP16741","Coral Reef"
"969","Monarda didyma","Monarda didyma","PP29234","Pardon My Cerise"
"970","Monarda didyma","Monarda didyma","PP27498","Grape Gumball"
"971","Monarda didyma","Monarda didyma","PP22170","Pardon My Purple"
"972","Monarda didyma","Monarda didyma","PP34434","‘Pardon My Rose’"
"973","Monarda didyma","Monarda didyma","PP33917","Balbeemed"
"974","Monarda didyma","Monarda didyma","PP33915","Balbeemav"
"975","Monarda didyma","Monarda didyma","PP25561","Balbalmurp"
"976","Monarda didyma","Monarda didyma","PP22918","Sugar Lace"
"977","Monarda didyma","Monarda didyma","PP30205","Allvin"
"978","Monarda didyma","Monarda didyma","PP22136","MCmum"
"979","Monarda didyma","Monarda didyma","PP29032","MON0012BFR"
"980","Rudbeckia fulgida","Rudbeckia fulgida","PP35772","Sun Stream"
"981","Rudbeckia fulgida","Rudbeckia fulgida","PP22397","Little Goldstar"
"982","Rudbeckia fulgida","Rudbeckia fulgida","PP20286","Early Bird Gold"
"983","Thuja occidentalis","Thuja occidentalis","PP22003","Thusid 1"
"984","Thuja occidentalis","Thuja occidentalis","PP25868","Anna van Vloten"
"985","Thuja occidentalis","Thuja occidentalis","PP15850","Bail John"
"986","Thuja occidentalis","Thuja occidentalis","PP28507","Lesdasma"
"987","Thuja occidentalis","Thuja occidentalis","PP35206","RutThu3"
"988","Thuja occidentalis","Thuja occidentalis","PP34685","SMTOBM3"
"989","Thuja occidentalis","Thuja occidentalis","PP25388","SMTOYB"
"990","Thuja occidentalis","Thuja occidentalis","PP24421","Thusid2"
"991","Thuja occidentalis","Thuja occidentalis","PP20127","Mirjam"
"992","Thuja occidentalis","Thuja occidentalis","PP30761","SMNTOBAB"
"993","Thuja occidentalis","Thuja occidentalis","PP24012","Golden Anne"
"994","Thuja occidentalis","Thuja occidentalis","PP31775","Thucavlo"
"995","Thuja occidentalis","Thuja occidentalis","PP25700","SMTOBP"
"996","Thuja occidentalis","Thuja occidentalis","PP29652","Hoogi023"
"997","Thuja occidentalis","Thuja occidentalis","PP24746","Golden Brabant"
"998","Thuja occidentalis","Thuja occidentalis","PP27984","Spireandela"
"999","Thuja occidentalis","Thuja occidentalis","PP33785","LilShreckthu"
"1000","Thuja occidentalis","Thuja occidentalis","PP33286","SMNTDGT"
"1001","Thuja occidentalis","Thuja occidentalis","PP21974","Filips Magic Moment"
"1002","Thuja occidentalis","Thuja occidentalis","PP33360","Thusid4"
"1003","Thuja occidentalis","Thuja occidentalis","PP34686","SMTOM1"
"1004","Thuja occidentalis","Thuja occidentalis","PP35297","RutThu4"
"1005","Thuja occidentalis","Thuja occidentalis","PP19009","Congabe"
"1006","Thuja occidentalis","Thuja occidentalis","PP29678","King of Brabant"
"1007","Thuja occidentalis","Thuja occidentalis","PP35180","RutThu5"
"1008","Thuja occidentalis","Thuja occidentalis","PP26840","RutThu#1"
"1009","Thuja occidentalis","Thuja occidentalis","PP21967","Janed Gold"
"1010","Thuja occidentalis","Thuja occidentalis","PP22296","Jantar"
"1011","Thuja occidentalis","Thuja occidentalis","PP22813","Anniek"
"1012","Thuja occidentalis","Thuja occidentalis","PP22174","Art Boe"
"1013","Thuja occidentalis","Thuja occidentalis","PP34292","SMNTOO"
"1014","Thuja occidentalis","Thuja occidentalis","PP16280","Walter Brown"
"1015","Thuja occidentalis","Thuja occidentalis","PP25672","SMTOTM"
"1016","Thuja occidentalis","Thuja occidentalis","PP18036","Silvanus 1"
"1017","Coreopsis verticillata","Coreopsis verticillata","PP19311","Sunbeam"
"1018","Coreopsis verticillata","Coreopsis verticillata","PP24767","Sylvester"
"1019","Coreopsis verticillata","Coreopsis verticillata","PP20702","Sweet Marmalade"
"1020","Coreopsis verticillata","Coreopsis verticillata","PP21931","Moonray"
"1021","Coreopsis verticillata","Coreopsis verticillata","PP24598","Broad Street"
"1022","Coreopsis verticillata","Coreopsis verticillata","PP36055","Heartstrings"
"1023","Coreopsis verticillata","Coreopsis verticillata","PP26108","Novacorbir"
"1024","Coreopsis verticillata","Coreopsis verticillata","PP28521","Curry Up"
"1025","Coreopsis verticillata","Coreopsis verticillata","PP16096","Crème Brulée"
"1026","Coreopsis verticillata","Coreopsis verticillata","PP31393","Sassy Saffron"
"1027","Coreopsis verticillata","Coreopsis verticillata","PP23347","Tweety"
"1028","Coreopsis verticillata","Coreopsis verticillata","PP36035","Creamy Calico"
"1029","Coreopsis verticillata","Coreopsis verticillata","PP22565","Novcorcar"
"1030","Coreopsis verticillata","Coreopsis verticillata","PP20609","Route 66"
"1031","Coreopsis verticillata","Coreopsis verticillata","PP24688","Electric Avenue"
"1032","Coreopsis verticillata","Coreopsis verticillata","PP35961","Scarlet Ribbons"
"1033","Coreopsis verticillata","Coreopsis verticillata","PP29921","Zesty Zinger"
"1034","Coreopsis verticillata","Coreopsis verticillata","PP24562","Main Street"
"1035","Coreopsis verticillata","Coreopsis verticillata","PP20693","Golden Dream"
"1036","Coreopsis verticillata","Coreopsis verticillata","PP36034","Golden Needles"
"1037","Coreopsis verticillata","Coreopsis verticillata","PP28522","Hot Paprika"
"1038","Gaultheria procumbens","Gaultheria procumbens","PP29093","Gaulsidh5"
"1039","Gaultheria procumbens","Gaultheria procumbens","PP30791","Gaulbri 1"
"1040","Gaultheria procumbens","Gaultheria procumbens","PP27170","SPECGP11"
"1041","Gaultheria procumbens","Gaultheria procumbens","PP30515","Hokutotakaji-001"
"1042","Gaultheria procumbens","Gaultheria procumbens","PP33664","GSW1600201"
"1043","Gaultheria procumbens","Gaultheria procumbens","PP29094","Gaulsidh11"
"1044","Echinacea purpurea (L) Moench","Echinacea purpurea","PP21312","Kiechotpi"
"1045","Leucothoe axillaris","Leucothoe axillaris","PP30821","ReJoyce"
"1046","Leucothoe axillaris","Leucothoe axillaris","PP17666","CURLY RED"
"1047","Phlox drummondii","Phlox drummondii","PP24130","Sunphlosiro"
"1048","Phlox drummondii","Phlox drummondii","PP21944","Sunphlocopapi"
"1049","Phlox drummondii","Phlox drummondii","PP19189","Sunphlorai"
"1050","Phlox drummondii","Phlox drummondii","PP18784","Sunphlocobu"
"1051","Phlox drummondii","Phlox drummondii","PP16382","Sunphlo R&W"
"1052","Phlox drummondii","Phlox drummondii","PP25016","Duephlohopi"
"1053","Phlox drummondii","Phlox drummondii","PP22982","Duephocher"
"1054","Phlox drummondii","Phlox drummondii","PP16381","Sunphlomine"
"1055","Phlox drummondii","Phlox drummondii","PP16361","Sunphlopin"
"1056","Phlox drummondii","Phlox drummondii","PP27481","Duephloimdebu"
"1057","Phlox drummondii","Phlox drummondii","PP21110","Sunphlosupapi"
"1058","Phlox drummondii","Phlox drummondii","PP16724","Sunphloho"
"1059","Phlox drummondii","Phlox drummondii","PP27723","KAZI14750"
"1060","Phlox drummondii","Phlox drummondii","PP28705","KAZI15789"
"1061","Phlox drummondii","Phlox drummondii","PP16726","Sunphlore"
"1062","Phlox drummondii","Phlox drummondii","PP24065","Duephlostra"
"1063","Phlox drummondii","Phlox drummondii","PP28127","DPHLOX911"
"1064","Phlox drummondii","Phlox drummondii","PP24084","Duephlopu"
"1065","Phlox drummondii","Phlox drummondii","PP20897","Sunphloconsa"
"1066","Phlox drummondii","Phlox drummondii","PP19558","Sunphlotori"
"1067","Phlox drummondii","Phlox drummondii","PP16723","Sunphlochebu"
"1068","Phlox drummondii","Phlox drummondii","PP18451","Sunphloburu"
"1069","Phlox drummondii","Phlox drummondii","PP18785","Sunphlobuho"
"1070","Phlox drummondii","Phlox drummondii","PP28185","DPHLOX866"
"1071","Phlox drummondii","Phlox drummondii","PP21111","Sunphlorozu"
"1072","Yucca gloriosa","Yucca gloriosa","PP29025","TUSZYUC001"
"1073","Sambucus racemosa","Sambucus racemosa","PP26613","SMNSRD4"
"1074","Sambucus racemosa","Sambucus racemosa","PP26425","WALFINB"
"1075","Fragaria ×ananassa","Fragaria x ananassa","PP25699","DrisStrawFortyOne"
"1076","Hibiscus moscheutos","Hibiscus moscheutos","PP21479","Stardust"
"1077","Hibiscus moscheutos","Hibiscus moscheutos","PP16155","Balhibred"
"1078","Hibiscus moscheutos","Hibiscus moscheutos","PP32883","RutHib3"
"1079","Hibiscus moscheutos","Hibiscus moscheutos","PP30824","RutHib1"
"1080","Hibiscus moscheutos","Hibiscus moscheutos","PP23130","Extrepink"
"1081","Hibiscus moscheutos","Hibiscus moscheutos","PP26417","Extrmag"
"1082","Hibiscus moscheutos","Hibiscus moscheutos","PP23889","Extrehotpink"
"1083","Hibiscus moscheutos","Hibiscus moscheutos","PP17570","Splash Yopinot Grigio"
"1084","Hibiscus moscheutos","Hibiscus moscheutos","PP27453","Extrewhiteye"
"1085","Hibiscus moscheutos","Hibiscus moscheutos","PP34599","‘RutHib4’"
"1086","Hibiscus moscheutos","Hibiscus moscheutos","PP17638","Carafe Yobordeaux"
"1087","Hibiscus moscheutos","Hibiscus moscheutos","PP27507","Extrhopin2"
"1088","Hibiscus moscheutos","Hibiscus moscheutos","PP23888","Oak Soft Pink"
"1089","Hibiscus moscheutos","Hibiscus moscheutos","PP21392","Dave Fleming"
"1090","Hibiscus moscheutos","Hibiscus moscheutos","PP17602","Carafe Yochablis"
"1091","Hibiscus moscheutos","Hibiscus moscheutos","PP21798","Sparkle"
"1092","Hibiscus moscheutos","Hibiscus moscheutos","PP30853","RutHib2"
"1093","Hibiscus moscheutos","Hibiscus moscheutos","PP17571","Carafe Yogrenache"
"1094","Stenotaphrum secundatum (Walt.) Kuntze","Stenotaphrum secundatum","PP27393","DALSA 0605"
"1095","Stenotaphrum secundatum (Walt.) Kuntze","Stenotaphrum secundatum","PP32645","FSA1602"
"1096","Stenotaphrum secundatum (Walt.) Kuntze","Stenotaphrum secundatum","PP36033","XSA 11377"
"1097","Hamelia patens","Hamelia patens","PP26247","Grelmsiz"
"1098","Coreopsis rosea×Coreopsis verticillata","Coreopsis rosea","PP29203","URITW01"
"1099","Coreopsis rosea×Coreopsis verticillata","Coreopsis rosea","PP29113","URITW03"
"1100","Coreopsis rosea×Coreopsis verticillata","Coreopsis rosea","PP29145","URIBL02"
"1101","Coreopsis rosea×Coreopsis verticillata","Coreopsis rosea","PP19932","Coreopram"
"1102","Coreopsis rosea×Coreopsis verticillata","Coreopsis rosea","PP29114","URIBL01"
"1103","Coreopsis rosea×Coreopsis verticillata","Coreopsis rosea","PP29115","URITW02"
"1104","Vaccinium corymbosum hybrid","Vaccinium corymbosum","PP25386","Last Call"
"1105","Vaccinium corymbosum hybrid","Vaccinium corymbosum","PP34976","‘C12-069’"
"1106","Vaccinium corymbosum hybrid","Vaccinium corymbosum","PP34537","FCM14-031"
"1107","Vaccinium corymbosum hybrid","Vaccinium corymbosum","PP35068","C12-122"
"1108","Vaccinium corymbosum hybrid","Vaccinium corymbosum","PP33871","FC14-062"
"1109","Vaccinium corymbosum hybrid","Vaccinium corymbosum","PP29436","FCM12-038"
"1110","Vaccinium corymbosum hybrid","Vaccinium corymbosum","PP26971","C04-014"
"1111","Vaccinium corymbosum hybrid","Vaccinium corymbosum","PP29468","FCM12-045"
"1112","Vaccinium corymbosum hybrid","Vaccinium corymbosum","PP27623","FF04-14"
"1113","Vaccinium corymbosum hybrid","Vaccinium corymbosum","PP24661","Cargo"
"1114","Vaccinium corymbosum hybrid","Vaccinium corymbosum","PP26765","C03-038"
"1115","Vaccinium corymbosum hybrid","Vaccinium corymbosum","PP24697","Top Shelf"
"1116","Vaccinium corymbosum hybrid","Vaccinium corymbosum","PP21721","F126"
"1117","Vaccinium corymbosum hybrid","Vaccinium corymbosum","PP24637","ZF05-196"
"1118","Vaccinium corymbosum hybrid","Vaccinium corymbosum","PP32416","ZZ04062"
"1119","Vaccinium corymbosum hybrid","Vaccinium corymbosum","PP33897","FC11-118"
"1120","Vaccinium corymbosum hybrid","Vaccinium corymbosum","PP24606","Ventura"
"1121","Vaccinium corymbosum hybrid","Vaccinium corymbosum","PP29287","FCM12-087"
"1122","Vaccinium corymbosum hybrid","Vaccinium corymbosum","PP28437","FCM12-097"
"1123","Vaccinium corymbosum hybrid","Vaccinium corymbosum","PP31007","C08-141"
"1124","Vaccinium corymbosum hybrid","Vaccinium corymbosum","PP29437","ZF06-051"
"1125","Vaccinium corymbosum hybrid","Vaccinium corymbosum","PP26288","C04-051"
"1126","Vaccinium corymbosum hybrid","Vaccinium corymbosum","PP32701","ZZ04115"
"1127","Vaccinium corymbosum hybrid","Vaccinium corymbosum","PP26917","C03-158"
"1128","Vaccinium corymbosum hybrid","Vaccinium corymbosum","PP29125","FCM12-131"
"1129","Vaccinium corymbosum hybrid","Vaccinium corymbosum","PP34974","C13-051"
"1130","Vaccinium corymbosum hybrid","Vaccinium corymbosum","PP34977","C15-143"
"1131","Vaccinium corymbosum hybrid","Vaccinium corymbosum","PP24636","Blue Ribbon"
"1132","Vaccinium corymbosum hybrid","Vaccinium corymbosum","PP26764","C05-178"
"1133","Fragaria X ananassa Duchesne","Fragaria x ananassa","PP30564","Florida Brilliance"
"1134","Fragaria X ananassa Duchesne","Fragaria x ananassa","PP33451","FL 16.30-128"
"1135","Fragaria X ananassa Duchesne","Fragaria x ananassa","PP34008","FL 17.15-86"
"1136","Fragaria X ananassa Duchesne","Fragaria x ananassa","PP30385","Florida Beauty"
"1137","Fragaria X ananassa Duchesne","Fragaria x ananassa","PP33477","FL 16.78-109"
"1138","Vaccinium macrocarpon Ait","Vaccinium macrocarpon","PP19434","CNJ97-105-4"
"1139","Quercus alba","Quercus alba","PP35389","QAMTF"
"1140","Quercus alba","Quercus alba","PP16862","AFTO-1"
"1141","Phlox paniculata L.","Phlox paniculata","PP34506","Backlight"
"1142","Coreopsis grandiflora","Coreopsis grandiflora","PP29031","DCORGLOW"
"1143","Coreopsis grandiflora","Coreopsis grandiflora","PP35041","MVNC1902"
"1144","Coreopsis grandiflora","Coreopsis grandiflora","PP33131","DCORSOSB"
"1145","Coreopsis grandiflora","Coreopsis grandiflora","PP30908","CSGZ0005"
"1146","Coreopsis grandiflora","Coreopsis grandiflora","PP25241","DECOREO16"
"1147","Coreopsis grandiflora","Coreopsis grandiflora","PP35403","MVNC1904"
"1148","Coreopsis grandiflora","Coreopsis grandiflora","PP35088","MVNC1823"
"1149","Coreopsis grandiflora","Coreopsis grandiflora","PP17405","Balcorsunay"
"1150","Coreopsis grandiflora","Coreopsis grandiflora","PP31517","Docorgranmoons"
"1151","Coreopsis grandiflora","Coreopsis grandiflora","PP33690","Docormoswimp"
"1152","Coreopsis grandiflora","Coreopsis grandiflora","PP35140","MVNC1906"
"1153","Sanguisorba menziesii","Sanguisorba officinalis","PP15791","Dali Marble"
"1154","Phlox carolina ssp. carolina×Phlox carolina ssp. angusta","Phlox carolina","PP27265","Solar Flare"
"1155","Dicentra formosa","Dicentra formosa","PP20322","Spring Magic"
"1156","Salvia greggii","Salvia greggii","PP20086","Flosalg03"
"1157","Salvia greggii","Salvia greggii","PP26076","Ruby Slippers"
"1158","Salvia greggii","Salvia greggii","PP28538","Balmirdepur"
"1159","Salvia greggii","Salvia greggii","PP29724","Balmirvio"
"1160","Salvia greggii","Salvia greggii","PP28537","Balmirbur"
"1161","Salvia greggii","Salvia greggii","PP30729","Balmirsal"
"1162","Salvia greggii","Salvia greggii","PP20087","Flosalg04"
"1163","Salvia greggii","Salvia greggii","PP28527","Balmircher"
"1164","Salvia greggii","Salvia greggii","PP33084","Balmirrobi"
"1165","Salvia greggii","Salvia greggii","PP33036","Balmirleu"
"1166","Salvia greggii","Salvia greggii","PP20940","Icing Sugar"
"1167","Salvia greggii","Salvia greggii","PP20075","Floasalg01"
"1168","Hypericum kalmianum L.","Hypericum kalmianum","PP25318","PIIHYP-I"
"1169","Tecoma stans","Tecoma stans","PP32827","Balbahrise"
"1170","Tecoma stans","Tecoma stans","PP32394","Balbahset"
"1171","Tecoma stans","Tecoma stans","PP36073","SMNTSB"
"1172","Tecoma stans","Tecoma stans","PP24169","TEC60109105"
"1173","Tecoma stans","Tecoma stans","PP35751","SMNTSC"
"1174","Tecoma stans","Tecoma stans","PP24170","TEC6010916"
"1175","Tecoma stans","Tecoma stans","PP30633","Balbahelor"
"1176","Tecoma stans","Tecoma stans","PP30667","Balbahel"
"1177","Prunus pumila","Prunus pumila","PP33014","UCONNPP002"
"1178","Eutrochium fistulosum","Eutrochium fistulosum","PP34665","JoJo"
"1179","Symphoricarpos alba","Symphoricarpos albus","PP20912","Kolmgala"
"1180","Symphoricarpos alba","Symphoricarpos albus","PP20931","Kolmcan"
"1181","Symphoricarpos alba","Symphoricarpos albus","PP20932","Kolmaswet"
"1182","Quercus nuttallii","Quercus texana","PP28585","CORLEY'S FIRECRACKER"
"1183","Quercus nuttallii","Quercus texana","PP24813","Betterred"
"1184","Quercus nuttallii","Quercus texana","PP34323","QNMTF2"
"1185","Quercus nuttallii","Quercus texana","PP28344","Ochlocknee"
"1186","Quercus nuttallii","Quercus texana","PP16254","QNSTD"
"1187","Vitis rotundifolia Michx.","Vitis rotundifolia","PP31654","Floriana"
"1188","Vitis rotundifolia Michx.","Vitis rotundifolia","PP27033","Ga. 1-1-48"
"1189","Vitis rotundifolia Michx.","Vitis rotundifolia","PP32111","Ga. 8-1-338"
"1190","Vitis rotundifolia Michx.","Vitis rotundifolia","PP31407","Florida Onyx"
"1191","Vitis rotundifolia Michx.","Vitis rotundifolia","PP21965","Majesty"
"1192","Quercus lyrata","Quercus lyrata","PP28345","Howler"
"1193","Quercus lyrata","Quercus lyrata","PP28343","Dahlonega"
"1194","Quercus lyrata","Quercus lyrata","PP28402","Hopeulikit"
"1195","Quercus lyrata","Quercus lyrata","PP33590","Milliken"
"1196","Cornus baileyii","Cornus sericea","PP18523","Farrow"
"1197","Myrica cerifera","Myrica cerifera","PP36234","JBG 1000"
"1198","Myrica cerifera","Myrica cerifera","PP18731","SOLEIL"
"1199","Myrica cerifera","Myrica cerifera","PP34687","Whit XXIX"
"1200","Myrica cerifera","Myrica cerifera","PP19789","BTC-1"
"1201","Phlox subulata","Phlox subulata","PP33676","Dophlospripi"
"1202","Phlox subulata","Phlox subulata","PP28681","Barphspribluimp"
"1203","Phlox subulata","Phlox subulata","PP23263","Barseventy"
"1204","Phlox subulata","Phlox subulata","PP29410","Florphfabv"
"1205","Phlox subulata","Phlox subulata","PP23262","Barseventyone"
"1206","Phlox subulata","Phlox subulata","PP29409","Florphfaro"
"1207","Phlox subulata","Phlox subulata","PP28208","PHOZ0003"
"1208","Phlox subulata","Phlox subulata","PP31169","Eye Shadow"
"1209","Phlox subulata","Phlox subulata","PP23564","Barseventyfour"
"1210","Phlox subulata","Phlox subulata","PP33672","Dophlospripidae"
"1211","Phlox subulata","Phlox subulata","PP23264","Barseventytwo"
"1212","Phlox subulata","Phlox subulata","PP31484","Eye Candy"
"1213","Phlox subulata","Phlox subulata","PP28645","Barphsphopi"
"1214","Phlox subulata","Phlox subulata","PP28158","PHOZ0001"
"1215","Phlox subulata","Phlox subulata","PP33678","Dophlosprisopi"
"1216","Phlox subulata","Phlox subulata","PP33677","Dophlosprisca"
"1217","Phlox subulata","Phlox subulata","PP33671","Dophlospribl"
"1218","Dasiphora fruticosa subsp. fruticosa","Dasiphora fruticosa var. fruticosa","PP27715","Hachliss"
"1219","Dasiphora fruticosa subsp. fruticosa","Dasiphora fruticosa var. fruticosa","PP27685","Hachdon"
"1220","Clusia rosea (L.)","Clusia rosea","PP29750","LICLUS02"
"1221","Peperomia obtusifolia","Peperomia obtusifolia","PP34475","EC-PEPE-2105"
"1222","Peperomia obtusifolia","Peperomia obtusifolia","PP31313","EC-PEPE-1806"
"1223","Peperomia obtusifolia","Peperomia obtusifolia","PP31337","EC-PEPE-1805"
"1224","Peperomia obtusifolia","Peperomia obtusifolia","PP29598","Obtipan"
"1225","Peperomia obtusifolia","Peperomia obtusifolia","PP34604","EC-PEPE-2104"
"1226","Peperomia obtusifolia","Peperomia obtusifolia","PP31338","EC-PEPE-1807"
"1227","Peperomia obtusifolia","Peperomia obtusifolia","PP34605","‘EC-PEPE-2103’"
"1228","Mimulus aurantiacus","Diplacus aurantiacus","PP22917","Georgie White"
"1229","Mimulus aurantiacus","Diplacus aurantiacus","PP34479","‘DMIMMITIRD’"
"1230","Mimulus aurantiacus","Diplacus aurantiacus","PP23441","Georgie Tangerine"
"1231","Mimulus aurantiacus","Diplacus aurantiacus","PP22945","Georgie Yellow"
"1232","Mimulus aurantiacus","Diplacus aurantiacus","PP22916","Georgie Red"
"1233","Mimulus aurantiacus","Diplacus aurantiacus","PP22672","Minredda"
"1234","Mimulus aurantiacus","Diplacus aurantiacus","PP25150","Bosburem"
"1235","Mimulus aurantiacus","Diplacus aurantiacus","PP29434","Balburanim"
"1236","Mimulus aurantiacus","Diplacus aurantiacus","PP22673","Mimapri"
"1237","Mimulus aurantiacus","Diplacus aurantiacus","PP25167","Bosburber"
"1238","Juglans nigra L.","Juglans nigra","PP17124","Beineke 13"
"1239","Juglans nigra L.","Juglans nigra","PP17507","Beineke 11"
"1240","Juglans nigra L.","Juglans nigra","PP15728","Beineke 9"
"1241","Juglans nigra L.","Juglans nigra","PP17125","Beineke 12"
"1242","Juglans nigra L.","Juglans nigra","PP17358","Beineke 14"
"1243","Oenothera missouriensis","Oenothera macrocarpa subsp. macrocarpa","PP35065","Evening Sun"
"1244","Salvia microphylla Kunth","Salvia microphylla","PP29499","JEREMY"
"1245","Leucophyllum frutescens","Leucophyllum frutescens","PP33454","San Antonio Rose"
"1246","Leucophyllum frutescens","Leucophyllum frutescens","PP33638","GREHJS"
"1247","Itea virginiana","Itea virginica","PP33804","SMIHGRS"
"1248","Itea virginiana","Itea virginica","PP30233","SMNIVDFC"
"1249","Itea virginiana","Itea virginica","PP33549","SMNIVMM"
"1250","Fragaria x ananassa Duch.","Fragaria x ananassa","PP33285","A13-07"
"1251","Fragaria x ananassa Duch.","Fragaria x ananassa","PP32112","A13-72"
"1252","Fragaria x ananassa Duch.","Fragaria x ananassa","PP32137","A13-26"
"1253","Fragaria x ananassa Duch.","Fragaria x ananassa","PP32825","A13-71"
"1254","Fragaria x ananassa Duch.","Fragaria x ananassa","PP30213","Archer"
"1255","Fragaria x ananassa Duch.","Fragaria x ananassa","PP32078","A13-29"
"1256","Lippia canescens×Lippia nodiflora","Phyla nodiflora var. minor","PP29010","ECOLOPIA2"
"1257","Fragaria ananassa Duch.","Fragaria x ananassa","PP31451","Daniel"
"1258","Fragaria ananassa Duch.","Fragaria x ananassa","PP29793","CIVN260"
"1259","Fragaria ananassa Duch.","Fragaria x ananassa","PP23126","JOLY"
"1260","Gaillardia pulchella","Gaillardia pulchella","PP24393","DGAL7"
"1261","Gaillardia pulchella","Gaillardia pulchella","PP23833","DGAL902"
"1262","Gaillardia pulchella","Gaillardia pulchella","PP23242","DGAL901"
"1263","Gaillardia pulchella","Gaillardia pulchella","PP16649","Baltoredem"
"1264","Gaillardia pulchella","Gaillardia pulchella","PP15966","Baltoryell"
"1265","Gaillardia pulchella","Gaillardia pulchella","PP16125","Baltorflam"
"1266","Gaillardia pulchella","Gaillardia pulchella","PP23877","DGAL906"
"1267","Verbena canadensis","Verbena canadensis","PP15503","Miss Anne"
"1268","Stenotaphrum secundatum","Stenotaphrum secundatum","PP21280","NUF-76"
"1269","Stenotaphrum secundatum","Stenotaphrum secundatum","PP20696","Polaris"
"1270","Stenotaphrum secundatum","Stenotaphrum secundatum","PP21240","Polaris"
"1271","Stenotaphrum secundatum","Stenotaphrum secundatum","PP27538","PAL42"
"1272","Stenotaphrum secundatum","Stenotaphrum secundatum","PP16174","B12"
"1273","Stenotaphrum secundatum","Stenotaphrum secundatum","PP21603","MSA-31"
"1274","Rhus aromatica","Rhus aromatica","PP28669","Fine Textured Compact Select A"
"1275","Stenataphrum secundatum","Stenotaphrum secundatum","PP17095","TR 6-10"
"1276","Schizachyrium scoparium","Schizachyrium scoparium","PP27433","Smoke Signal"
"1277","Schizachyrium scoparium","Schizachyrium scoparium","PP28193","Good Vibrations"
"1278","Schizachyrium scoparium","Schizachyrium scoparium","PP20948","Carousel"
"1279","Schizachyrium scoparium","Schizachyrium scoparium","PP28194","Cinnamon Girl"
"1280","Schizachyrium scoparium","Schizachyrium scoparium","PP26335","Prairie Munchkin"
"1281","Schizachyrium scoparium","Schizachyrium scoparium","PP25202","Standing Ovation"
"1282","Schizachyrium scoparium","Schizachyrium scoparium","PP27432","Twilight Zone"
"1283","Schizachyrium scoparium","Schizachyrium scoparium","PP28033","Seasons in the Sun"
"1284","Schizachyrium scoparium","Schizachyrium scoparium","PP17310","MinnblueA"
"1285","Schizachyrium scoparium","Schizachyrium scoparium","PP31339","Chameleon"
"1286","Schizachyrium scoparium","Schizachyrium scoparium","PP33433","ECGSS"
"1287","Schizachyrium scoparium","Schizachyrium scoparium","PP36206","Brush Strokes"
"1288","Schizachyrium scoparium","Schizachyrium scoparium","PP28145","Blue Paradise"
"1289","Schizachyrium scoparium","Schizachyrium scoparium","PP32374","Ha Ha Tonka"
"1290","Schizachyrium scoparium","Schizachyrium scoparium","PP36359","Sandhill"
"1291","Polemonium reptans","Polemonium reptans","PP19768","Touch of Class"
"1292","Polemonium reptans","Polemonium reptans","PP28653","Polelodge"
"1293","Polemonium reptans","Polemonium reptans","PP35878","Hurricane Ridge"
"1294","Fragaria×ananassa Duch. (Fragaria L.)","Fragaria x ananassa","PP28250","YASMIN"
"1295","Fragaria×ananassa Duch. (Fragaria L.)","Fragaria x ananassa","PP22633","BARAK"
"1296","Quercus bicolor","Quercus bicolor","PP28342","Green Nova"
"1297","Quercus bicolor","Quercus bicolor","PP23632","JFS-KW12"
"1298","Heliopsis helianthoides","Heliopsis helianthoides","PP25524","Sunstruck"
"1299","Heliopsis helianthoides","Heliopsis helianthoides","PP36364","VAR006"
"1300","Heliopsis helianthoides","Heliopsis helianthoides","PP26608","Double Sunstruck"
"1301","Heliopsis helianthoides","Heliopsis helianthoides","PP29819","Inhelsodor"
"1302","Heliopsis helianthoides","Heliopsis helianthoides","PP18763","Tuscan Sun"
"1303","Heliopsis helianthoides","Heliopsis helianthoides","PP33733","Fire Twister"
"1304","Hesperaloe parviflora","Hesperaloe parviflora","PP28909","MSWNPerma"
"1305","Hesperaloe parviflora","Hesperaloe parviflora","PP34195","Stop Lights"
"1306","Hesperaloe parviflora","Hesperaloe parviflora","PP29626","Coral Glow"
"1307","Hesperaloe parviflora","Hesperaloe parviflora","PP21729","Perpa"
"1308","Hesperaloe parviflora","Hesperaloe parviflora","PP28910","MSWNPered"
"1309","Populus tremuloides","Populus tremuloides","PP27169","KMN01"
"1310","Populus tremuloides","Populus tremuloides","PP26575","Prairie Skyrise"
"1311","Quercus phellos","Quercus phellos","PP24837","Greenenvy"
"1312","Quercus phellos","Quercus phellos","PP35160","QPMTF2"
"1313","Quercus phellos","Quercus phellos","PP18321","QPSTB"
"1314","Quercus phellos","Quercus phellos","PP32879","TGO-GAL"
"1315","Quercus phellos","Quercus phellos","PP16444","RT3"
"1316","Quercus phellos","Quercus phellos","PP19922","QPSTJ"
"1317","Cornus florida","Cornus florida","PP29424","JN13"
"1318","Lobelia cardinalis","Lobelia cardinalis","PP25687","Black Truffle"
"1319","Lobelia cardinalis","Lobelia cardinalis","PP19844","Golden Torch"
"1320","Lobelia cardinalis","Lobelia cardinalis","PP21958","Fried Green Tomatoes"
"1321","Microsorium puncatatum","Microsorum punctatum","PP17420","VP005"
"1322","Heuchera villosa","Heuchera villosa","PP21775","Big Top Gold"
"1323","Heuchera villosa","Heuchera villosa","PP21774","Big Top Burgundy"
"1324","Heuchera villosa","Heuchera villosa","PP21776","Big Top Bronze"
"1325","Heuchera villosa","Heuchera villosa","PP17934","Citronelle"
"1326","Heuchera villosa","Heuchera villosa","PP16560","Caramel"
"1327","Heuchera villosa","Heuchera villosa","PP34898","Grateful Gathering"
"1328","Heuchera villosa","Heuchera villosa","PP35565","MS2020"
"1329","Salvia coccinea","Salvia coccinea","PP19453","DANSALCIN5"
"1330","Salvia coccinea","Salvia coccinea","PP19792","DANSALCIN1"
"1331","Physostegia virginiana","Physostegia virginiana","PP23482","Pink Manners"
"1332","Physostegia virginiana","Physostegia virginiana","PP29859","Nicauca"
"1333","Hypericum kalmianum","Hypericum kalmianum","PP20045","Deppe"
"1334","Hypericum kalmianum","Hypericum kalmianum","PP25795","SMHKBF"
"1335","Aster novi-belgii L.","Symphyotrichum novi-belgii","PP16749","Cefortuna"
"1336","Hydrangea arborescens","Hydrangea arborescens","PP35835","Hyso22"
"1337","Hydrangea arborescens","Hydrangea arborescens","PP30296","NCHA5"
"1338","Hydrangea arborescens","Hydrangea arborescens","PP20571","Abetwo"
"1339","Hydrangea arborescens","Hydrangea arborescens","PP20765","NCHA1"
"1340","Hydrangea arborescens","Hydrangea arborescens","PP28317","NCHA3"
"1341","Hydrangea arborescens","Hydrangea arborescens","PP35417","Bokodapi"
"1342","Hydrangea arborescens","Hydrangea arborescens","PP28280","NCHA4"
"1343","Hydrangea arborescens","Hydrangea arborescens","PP29579","KOLPINBEL"
"1344","Hydrangea arborescens","Hydrangea arborescens","PP28858","SMNHALR"
"1345","Hydrangea arborescens","Hydrangea arborescens","PP31121","GRHYAR1406"
"1346","Hydrangea arborescens","Hydrangea arborescens","PP24783","Haas' Halo"
"1347","Hydrangea arborescens","Hydrangea arborescens","PP28316","NCHA2"
"1348","Hydrangea arborescens","Hydrangea arborescens","PP35613","BAIful"
"1349","Hydrangea arborescens","Hydrangea arborescens","PP31016","GRHYAR1407"
"1350","Hydrangea arborescens","Hydrangea arborescens","PP30358","NCHA7"
"1351","Hydrangea arborescens","Hydrangea arborescens","PP33142","NCHA6"
"1352","Hydrangea arborescens","Hydrangea arborescens","PP30431","NCHA8"
"1353","Picea pungens","Picea pungens","PP34795","‘INHoopMo’"
"1354","Picea pungens","Picea pungens","PP34321","INHWB"
"1355","Picea pungens","Picea pungens","PP34562","MonEva"
"1356","Picea pungens","Picea pungens","PP19550","Blue Diamond"
"1357","Picea pungens","Picea pungens","PP34883","INMoHoop"
"1358","Stokesia laevis","Stokesia laevis","PP32107","Mega Mels"
"1359","Stokesia laevis","Stokesia laevis","PP36064","STAM01"
"1360","Stokesia laevis","Stokesia laevis","PP26164","Divinity"
"1361","Stokesia laevis","Stokesia laevis","PP28305","Synstokhar"
"1362","Stokesia laevis","Stokesia laevis","PP19833","Purple Pixie"
"1363","Stokesia laevis","Stokesia laevis","PP23090","MELS BLUE"
"1364","Stokesia laevis","Stokesia laevis","PP32136","Mini Mels"
"1365","Schefflera arboricola","Heptapleurum arboricola","PP32734","OSV002"
"1366","Schefflera arboricola","Heptapleurum arboricola","PP36128","Mukivy"
"1367","Schefflera arboricola","Heptapleurum arboricola","PP32733","OSV001"
"1368","Schefflera arboricola","Heptapleurum arboricola","PP16367","Norma Jean"
"1369","Schefflera arboricola","Heptapleurum arboricola","PP17057","Fan"
"1370","Mentha piperita","Mentha x piperita","PP25440","Canyon Mint"
"1371","Mentha piperita","Mentha x piperita","PP28700","Pendleton"
"1372","Mentha piperita","Mentha x piperita","PP25415","Chelan Mint"
"1373","Mentha piperita","Mentha x piperita","PP16474","Cim Indus"
"1374","Tiarella cordifolia","Tiarella cordifolia","PP21962","Octoraro"
"1375","Tiarella cordifolia","Tiarella cordifolia","PP22189","FM Mooberry"
"1376","Tiarella cordifolia","Tiarella cordifolia","PP21963","Wissahickon"
"1377","Tiarella cordifolia","Tiarella cordifolia","PP21980","Delaware"
"1378","Tiarella cordifolia","Tiarella cordifolia","PP22258","Stephanie Cohen"
"1379","Tiarella cordifolia","Tiarella cordifolia","PP21961","Susquehanna"
"1380","Tiarella cordifolia","Tiarella cordifolia","PP22031","Lehigh"
"1381","Juglans microcarpa×Juglans regia","Juglans microcarpa","PP20649","RX1"
"1382","Hibiscus×moscheutos","Hibiscus moscheutos","PP28282","TAHI16"
"1383","Hibiscus×moscheutos","Hibiscus moscheutos","PP28410","TAHI56"
"1384","Hibiscus×moscheutos","Hibiscus moscheutos","PP28283","TAHI12"
"1385","Sarracenia purpurea","Sarracenia purpurea","PP36337","23CF202"
"1386","Fragaria x ananassa (Duch.)","Fragaria x ananassa","PP32466","Lady Emma"
"1387","Fragaria x ananassa (Duch.)","Fragaria x ananassa","PP31609","Lady Isabella"
"1388","Fragaria x ananassa Duchesne ex Rozier","Fragaria x ananassa","PP30578","Keepsake"
"1389","Fragaria x ananassa Duchesne ex Rozier","Fragaria x ananassa","PP32769","Plared 15105"
"1390","Fragaria x ananassa Duchesne ex Rozier","Fragaria x ananassa","PP30736","SWTCOL"
"1391","Fragaria x ananassa Duchesne ex Rozier","Fragaria x ananassa","PP35594","CIVH725"
"1392","Fragaria x ananassa Duchesne ex Rozier","Fragaria x ananassa","PP36100","USDA Lumina"
"1393","Fragaria x ananassa Duchesne ex Rozier","Fragaria x ananassa","PP30542","Planasa 0955"
"1394","Fragaria x ananassa Duchesne ex Rozier","Fragaria x ananassa","PP32757","Plared 1075"
"1395","Fragaria x ananassa Duchesne ex Rozier","Fragaria x ananassa","PP36333","CIVH413"
"1396","Fragaria x ananassa Duchesne ex Rozier","Fragaria x ananassa","PP33636","Cordial"
"1397","Fragaria x ananassa Duchesne ex Rozier","Fragaria x ananassa","PP31259","Plared 0822"
"1398","Fragaria x ananassa Duchesne ex Rozier","Fragaria x ananassa","PP34736","CIVL519"
"1399","Fragaria x ananassa Duchesne ex Rozier","Fragaria x ananassa","PP32161","NSG 207"
"1400","Tradescantia virginiana","Tradescantia virginiana","PP35884","JS BRAINSTORM"
"1401","Tradescantia virginiana","Tradescantia virginiana","PP24733","Radtrad"
"1402","Fragaria x ananassa Duchesne","Fragaria x ananassa","PP34242","UCD Finn"
"1403","Fragaria x ananassa Duchesne","Fragaria x ananassa","PP35802","FL 18.52-66"
"1404","Fragaria x ananassa Duchesne","Fragaria x ananassa","PP32162","NSG 203"
"1405","Fragaria x ananassa Duchesne","Fragaria x ananassa","PP36334","FL 20.80-4"
"1406","Fragaria x ananassa Duchesne","Fragaria x ananassa","PP35167","NSG 465"
"1407","Fragaria x ananassa Duchesne","Fragaria x ananassa","PP35906","UC Eclipse"
"1408","Fragaria x ananassa Duchesne","Fragaria x ananassa","PP32952","UCD Royal Royce"
"1409","Fragaria x ananassa Duchesne","Fragaria x ananassa","PP35907","UC Keystone"
"1410","Fragaria x ananassa Duchesne","Fragaria x ananassa","PP32966","UCD Victor"
"1411","Fragaria x ananassa Duchesne","Fragaria x ananassa","PP36347","FL 20.34-183"
"1412","Fragaria x ananassa Duchesne","Fragaria x ananassa","PP32984","UCD Valiant"
"1413","Fragaria x ananassa Duchesne","Fragaria x ananassa","PP32192","NSG 120"
"1414","Fragaria x ananassa Duchesne","Fragaria x ananassa","PP31581","American Aroma 12"
"1415","Fragaria x ananassa Duchesne","Fragaria x ananassa","PP32950","UCD Warrior"
"1416","Fragaria x ananassa Duchesne","Fragaria x ananassa","PP34952","NSG 9"
"1417","Fragaria x ananassa Duchesne","Fragaria x ananassa","PP32953","UCD Moxie"
"1418","Eupatorium perfoliatum","Eupatorium perfoliatum","PP35173","Blind Date"
"1419","Fragara x ananassa","Fragaria x ananassa","PP33738","DrisStrawEightySeven"
"1420","Leucophyllum frutescens X Leucophyllum pringlei","Leucophyllum frutescens","PP34884","MSWNHelei"
"1421","Quercus macrocarpa","Quercus macrocarpa","PP22815","JFS-KW3"
"1422","Lippia nodiflora×Lippia canescens","Phyla nodiflora","PP27036","ECOLOPIA1"
"1423","Symphyotrichum novi-belgii","Symphyotrichum novi-belgii","PP29457","Zanasnowhi"
"1424","Symphyotrichum novi-belgii","Symphyotrichum novi-belgii","PP29184","Zanasparro"
"1425","Symphyotrichum novi-belgii","Symphyotrichum novi-belgii","PP29186","Zanashopi"
"1426","Symphyotrichum novi-belgii","Symphyotrichum novi-belgii","PP23828","DASGRA"
"1427","Symphyotrichum novi-belgii","Symphyotrichum novi-belgii","PP23827","DASMAG"
"1428","Symphyotrichum novi-belgii","Symphyotrichum novi-belgii","PP29228","Zanaslisu"
"1429","Symphyotrichum novi-belgii","Symphyotrichum novi-belgii","PP29185","Zanasprepi"
"1430","Symphyotrichum novi-belgii","Symphyotrichum novi-belgii","PP29187","Zanasbluba"
"1431","Juniperus virginiana","Juniperus virginiana","PP33287","FARROWJVBF"
"1432","Juniperus virginiana","Juniperus virginiana","PP32538","Butterfield"
"1433","Viburnum dentatum","Viburnum dentatum","PP28092","SMVDE"
"1434","Viburnum dentatum","Viburnum dentatum","PP30449","BRANT01"
"1435","Panicum virgatum","Panicum virgatum","PP36232","Nondee"
"1436","Panicum virgatum","Panicum virgatum","PP36204","Noneulby"
"1437","Panicum virgatum","Panicum virgatum","PP24895","Cape Breeze"
"1438","Panicum virgatum","Panicum virgatum","PP32736","Prairie Dog"
"1439","Panicum virgatum","Panicum virgatum","PP29142","Apache Rose"
"1440","Panicum virgatum","Panicum virgatum","PP19367","Prairie Fire"
"1441","Panicum virgatum","Panicum virgatum","PP26074","Hot Rod"
"1442","Panicum virgatum","Panicum virgatum","PP23209","Cheyenne Sky"
"1443","Panicum virgatum","Panicum virgatum","PP21498","Huron Solstice"
"1444","Panicum virgatum","Panicum virgatum","PP20665","Thundercloud"
"1445","Panicum virgatum","Panicum virgatum","PP17944","RR1"
"1446","Panicum virgatum","Panicum virgatum","PP35213","Red Flame"
"1447","Panicum virgatum","Panicum virgatum","PP28518","Purple Tears"
"1448","Panicum virgatum","Panicum virgatum","PP36205","Nonlufht"
"1449","Cupressess macrocarpa","Hesperocyparis macrocarpa","PP16446","Emerald Crest"
"1450","Epilobium canum","Epilobium canum","PP27173","Diamondback"
"1451","Fragaria×ananasssa","Fragaria x ananassa","PP24333","DrisStrawThirtyTwo"
"1452","Clusia rosea","Clusia rosea","PP21794","Whistar"
"1453","Eupatorium purpureum","Eutrochium purpureum","PP20320","Baby Joe"
"1454","Rubus subgenus Eubatus sect. Morifieri & Ursini and hybrids","Rubus pensilvanicus","PP31195","Plablack 1401"
"1455","Rubus subgenus Eubatus sect. Morifieri & Ursini and hybrids","Rubus pensilvanicus","PP33226","Plablack 15157"
"1456","Hibiscus moscheutos×H. coccineus","Hibiscus moscheutos","PP23698","New Old Yella"
"1457","Hibiscus moscheutos×H. coccineus","Hibiscus moscheutos","PP23690","Kui Nuku"
"1458","Hibiscus moscheutos×H. coccineus","Hibiscus moscheutos","PP23941","Copper Queen"
"1459","Hibiscus moscheutos×H. coccineus","Hibiscus moscheutos","PP25076","Snowflame"
"1460","Hibiscus moscheutos×H. coccineus","Hibiscus moscheutos","PP24022","Small Wonders"
"1461","Hibiscus moscheutos×H. coccineus","Hibiscus moscheutos","PP23466","Little Prince"
"1462","Symphyotrichum novae-angliae","Symphyotrichum novae-angliae","PP33628","Pink Crush"
"1463","Symphyotrichum novae-angliae","Symphyotrichum novae-angliae","PP33612","Grape Crush"
"1464","Vaccinium vitis-idaea","Vaccinium vitis-idaea","PP22105","Red Candy"
"1465","Dasiphora fruticosa","Dasiphora fruticosa","PP29830","Jefman"
"1466","Dasiphora fruticosa","Dasiphora fruticosa","PP36116","MINPOROUG01"
"1467","(Prunus pumila L.×P. salicina Lindl.)×P. cerasifera Ehrh.","Prunus pumila","PP26299","AP3"
"1468","Poa arachnifera Torr.×Poa pratensis L.","Poa arachnifera","PP21045","HB 128"
"1469","Poa arachnifera Torr.×Poa pratensis L.","Poa arachnifera","PP18934","HB 328"
"1470","Poa arachnifera Torr.×Poa pratensis L.","Poa arachnifera","PP21192","HB 130"
"1471","Quercus fusiformis","Quercus fusiformis","PP27646","Joan Lionetti"
"1472","Coreopsis triperis","Coreopsis tripteris","PP19147","Lightning Flash"
"1473","Vaccinium corymbosum Linnaeus","Vaccinium corymbosum","PP26899","Pinnacle"
"1474","Heliopsis helianthoides var. scabra","Heliopsis helianthoides var. scabra","PP34988","Luna Roja"
"1475","Heliopsis helianthoides var. scabra","Heliopsis helianthoides var. scabra","PP33715","Funky Spinner"
"1476","Heliopsis helianthoides var. scabra","Heliopsis helianthoides var. scabra","PP23410","Summer Green"
"1477","Heliopsis helianthoides var. scabra","Heliopsis helianthoides var. scabra","PP23391","Summer Stripe"
"1478","Phlox divaricata","Phlox divaricata","PP34928","Blue Ribbons"
"1479","Portulaca oleracea X Portulaca umbracticola","Portulaca oleracea","PP35593","WNPORMYEL23"
"1480","Penstemon digitalis","Penstemon digitalis","PP32613","Onyx and Pearls"
"1481","Penstemon digitalis","Penstemon digitalis","PP29603","Midnight Masquerade"
"1482","Penstemon digitalis","Penstemon digitalis","PP24804","Pocahontas"
"1483","Penstemon digitalis","Penstemon digitalis","PP30052","Blackbeard"
"1484","Coreopsis verticillata hybrid","Coreopsis verticillata","PP28570","Madras Magic"
"1485","Coreopsis verticillata hybrid","Coreopsis verticillata","PP27396","Buttermilk"
"1486","Coreopsis verticillata hybrid","Coreopsis verticillata","PP25404","Imperial Sun"
"1487","Coreopsis verticillata hybrid","Coreopsis verticillata","PP30997","TNCORSG"
"1488","Coreopsis verticillata hybrid","Coreopsis verticillata","PP30974","TNCORSO"
"1489","Coreopsis verticillata hybrid","Coreopsis verticillata","PP25345","Bengal Tiger"
"1490","Coreopsis verticillata hybrid","Coreopsis verticillata","PP30996","TNCORSR"
"1491","Coreopsis verticillata hybrid","Coreopsis verticillata","PP28571","TNCORHRG"
"1492","Paspalum vaginatum","Paspalum vaginatum","PP23333","Aloha"
"1493","Paspalum vaginatum","Paspalum vaginatum","PP19224","TE-13"
"1494","Paspalum vaginatum","Paspalum vaginatum","PP25761","UGA 31"
"1495","Paspalum vaginatum","Paspalum vaginatum","PP18869","SI 98"
"1496","Gaillardia aristata","Gaillardia aristata","PP22016","Fancy Wheeler"
"1497","Gaillardia aristata","Gaillardia aristata","PP33693","Dogailspinorhalimp"
"1498","Gaillardia aristata","Gaillardia aristata","PP35858","FLOGB0060"
"1499","Gaillardia aristata","Gaillardia aristata","PP19769","Granbur"
"1500","Gaillardia aristata","Gaillardia aristata","PP20716","KIEGALYEL"
"1501","Gaillardia aristata","Gaillardia aristata","PP35273","Dogailspinman"
"1502","Gaillardia aristata","Gaillardia aristata","PP29529","GAIZ0007"
"1503","Gaillardia aristata","Gaillardia aristata","PP20718","KIEGALDAB"
"1504","Gaillardia aristata","Gaillardia aristata","PP26050","Sunny Wheeler"
"1505","Gaillardia aristata","Gaillardia aristata","PP33800","Dogailspinmarcopsun"
"1506","Gaillardia aristata","Gaillardia aristata","PP31518","Dogailredstar"
"1507","Gaillardia aristata","Gaillardia aristata","PP23544","Lucky Wheeler"
"1508","Gaillardia aristata","Gaillardia aristata","PP19749","Granoran"
"1509","Gaillardia aristata","Gaillardia aristata","PP27807","GAIZ0005"
"1510","Gaillardia aristata","Gaillardia aristata","PP20717","KIEGALPEA"
"1511","Gaillardia aristata","Gaillardia aristata","PP19748","Granyel"
"1512","Gaillardia aristata","Gaillardia aristata","PP27766","GAIZ0001"
"1513","Gaillardia aristata","Gaillardia aristata","PP35857","FLOGA0001"
"1514","Gaillardia aristata","Gaillardia aristata","PP32215","Dogailspincopsun"
"1515","Gaillardia aristata","Gaillardia aristata","PP22217","Jazzy Wheeler"
"1516","Diospyros virginiana","Diospyros virginiana","PP25689","JN5"
"1517","Rubus ursinus","Rubus ursinus","PP24298","HJ-7"
"1518","Rubus ursinus","Rubus ursinus","PP23270","HJ-6"
"1519","Salvia farinacea","Salvia farinacea","PP28121","DSALDPOCN"
"1520","Salvia farinacea","Salvia farinacea","PP22776","DANSALFN13"
"1521","Salvia farinacea","Salvia farinacea","PP27860","G13592"
"1522","Salvia farinacea","Salvia farinacea","PP33223","SCABB15-1"
"1523","Salvia farinacea","Salvia farinacea","PP22647","CATHEDRAL SKY LAVENDER"
"1524","Salvia farinacea","Salvia farinacea","PP20929","CATHEDRAL SKY BLUE"
"1525","Salvia farinacea","Salvia farinacea","PP35375","DSALSYFBN"
"1526","Salvia farinacea","Salvia farinacea","PP24692","SCAPU14-0"
"1527","Salvia farinacea","Salvia farinacea","PP19788","DANSALFUN1"
"1528","Salvia farinacea","Salvia farinacea","PP32695","G14251"
"1529","Nyssa sylvatica","Nyssa sylvatica","PP27588","Cherry Pie"
"1530","Nyssa sylvatica","Nyssa sylvatica","PP22951","Nsuhh"
"1531","Nyssa sylvatica","Nyssa sylvatica","PP29473","The James"
"1532","Nyssa sylvatica","Nyssa sylvatica","PP26975","JFS-red"
"1533","Nyssa sylvatica","Nyssa sylvatica","PP22976","WFH1"
"1534","Nyssa sylvatica","Nyssa sylvatica","PP33803","BBN-01"
"1535","Nyssa sylvatica","Nyssa sylvatica","PP30554","NSMTF"
"1536","Heuchera×villosa","Heuchera villosa","PP18386","Mocha"
"1537","Heuchera×villosa","Heuchera villosa","PP21466","Kassandra"
"1538","Phlox maculata","Phlox maculata","PP22819","Duephowi"
"1539","Phlox maculata","Phlox maculata","PP17551","Flower Power"
"1540","Phlox maculata","Phlox maculata","PP22850","Duephopin"
"1541","Phlox maculata","Phlox maculata","PP22800","Duephoburg"
"1542","Phlox paniculata hybid","Phlox paniculata","PP19514","Purple Kiss"
"1543","Phlox paniculata hybid","Phlox paniculata","PP19813","Swizzle"
"1544","Geranium maculatum","Geranium maculatum","PP36258","Huggy Bear"
"1545","Hydrangea arborescens L.","Hydrangea arborescens","PP21227","PIIHA-I"
"1546","Fragaria×ananassa Duchesne","Fragaria x ananassa","PP25574","Florida127"
"1547","Fragaria×ananassa Duchesne","Fragaria x ananassa","PP23042","FL 05-107"
"1548","Fragaria×ananassa Duchesne","Fragaria x ananassa","PP28081","Melissa"
"1549","Fragaria×ananassa Duchesne","Fragaria x ananassa","PP28220","Charlene"
"1550","Fragaria×ananassa Duchesne","Fragaria x ananassa","PP25637","Marisol"
"1551","Fragaria×ananassa Duchesne","Fragaria x ananassa","PP25638","Margherita"
"1552","Fragaria×ananassa Duchesne","Fragaria x ananassa","PP21317","Florida Elyana"
"1553","Fragaria×ananassa Duchesne","Fragaria x ananassa","PP18261","Carmine"
"1554","Ilex vomitoria","Ilex vomitoria","PP20869","Shackelford"
"1555","Ilex vomitoria","Ilex vomitoria","PP19266","Carolina Ruby"
"1556","Ilex vomitoria","Ilex vomitoria","PP20581","Scarlet's Peak"
"1557","Ilex vomitoria","Ilex vomitoria","PP20786","HOGY"
"1558","Ilex vomitoria","Ilex vomitoria","PP21168","Gremicr"
"1559","Phlebodium aureum (L.) J. Sm. x Pyrrosia lingua (Thunb.) Farw.","Phlebodium aureum","PP30873","Nicolas Diamond"
"1560","Echinacea purpurea×Echinacea paradoxa","Echinacea purpurea","PP22102","Gemini Pink"
"1561","Echinacea purpurea×Echinacea paradoxa","Echinacea purpurea","PP22688","Jacob Lewis"
"1562","Echinacea purpurea×Echinacea paradoxa","Echinacea purpurea","PP21023","Adam Saul"
"1563","Echinacea purpurea×Echinacea paradoxa","Echinacea purpurea","PP18768","Emily Saul"
"1564","Echinacea purpurea×Echinacea paradoxa","Echinacea purpurea","PP21024","Noam Saul"
"1565","Sequoia sempervirens","Sequoia sempervirens","PP29217","Early Snow"
"1566","Sequoia sempervirens","Sequoia sempervirens","PP26573","Mosaic Delight"
"1567","Sequoia sempervirens","Sequoia sempervirens","PP33410","Green Gigantor"
"1568","Sequoia sempervirens","Sequoia sempervirens","PP29606","Grand Mosaic"
"1569","Vaccinium macrocarpon","Vaccinium macrocarpon","PP35108","WI02-A4G-X1"
"1570","Cornus stolonifera","Cornus sericea","PP32351","SMNCSBD"
"1571","Panicum virgatum (L.)","Panicum virgatum","PP29951","Totem Pole"
"1572","Panicum virgatum (L.)","Panicum virgatum","PP34509","‘Niagara Falls’"
"1573","Panicum virgatum (L.)","Panicum virgatum","PP32373","Gunsmoke"
"1574","Panicum virgatum (L.)","Panicum virgatum","PP28192","Blue Fountain"
"1575","Tilia americana","Tilia americana","PP30737","KROMM"
"1576","Lemna minor","Lemna minor","PP23156","Henry Blanke"
"1577","Solidago cutleri","Solidago leiocarpa","PP16003","Solbut"
"1578","Echinacea purpurea X Rudbeckia hirta","Echinacea purpurea","PP34676","ET RDB 803"
"1579","Echinacea purpurea X Rudbeckia hirta","Echinacea purpurea","PP34593","‘ET RDB 751’"
"1580","Echinacea purpurea X Rudbeckia hirta","Echinacea purpurea","PP32891","ET RDB 18-30"
"1581","Echinacea purpurea X Rudbeckia hirta","Echinacea purpurea","PP32901","ET RDB 17-16"
"1582","Echinacea purpurea X Rudbeckia hirta","Echinacea purpurea","PP34655","ET RDB 949"
"1583","Echinacea purpurea X Rudbeckia hirta","Echinacea purpurea","PP34656","ET RDB 818"
"1584","Echinacea purpurea X Rudbeckia hirta","Echinacea purpurea","PP34864","ET RDB 801"
"1585","Echinacea purpurea X Rudbeckia hirta","Echinacea purpurea","PP32892","ET RDB 17-42"
"1586","Rubus subgenus Eubatus sect. Moriferi & Ursini","Rubus pensilvanicus","PP32907","EXPB3181"
"1587","Rhododendron minus×Rhododendron dauricum","Rhododendron minus","PP27780","PJM Elite Star"
"1588","Geranium maculatum L.","Geranium maculatum","PP31780","Crane Dance"
"1589","Geranium maculatum L.","Geranium maculatum","PP35704","MACGER002"
"1590","Juniperus silicicola","Juniperus virginiana var. silicicola","PP30017","RLH-SS1PI"
"1591","Sorghastrum nutans","Sorghastrum nutans","PP33776","MNYG318153"
"1592","Sorghastrum nutans","Sorghastrum nutans","PP28923","Thin Man"
"1593","Sorghastrum nutans","Sorghastrum nutans","PP33504","Whit LXXI"
"1594","Ulmus americana","Ulmus americana","PP20097","St. Croix"
"1595","Quercus shumardii","Quercus shumardii","PP19854","QSSTH"
"1596","Hydrangea radiata","Hydrangea radiata","PP33289","SMHALP"
"1597","Festuca arundinacea","Scolochloa festucacea","PP34648","‘Glow Sticks’"
"1598","Festuca arundinacea","Scolochloa festucacea","PP27464","KT12"
"1599","Rubus subgenus Rubus","Rubus pensilvanicus","PP26902","Emilia"
"1600","Rubus subgenus Rubus","Rubus pensilvanicus","PP26368","Camila"
"1601","Clethra alnifolia","Clethra alnifolia","PP15505","Sotite"
"1602","Clethra alnifolia","Clethra alnifolia","PP21561","Crystalina"
"1603","Clethra alnifolia","Clethra alnifolia","PP27590","Novacleein"
"1604","Clethra alnifolia","Clethra alnifolia","PP21589","Caleb"
"1605","Oenothera drummondii","Oenothera drummondii","PP29844","TX-10-G-L-11-9-12-5"
"1606","Veronica virginicum","Veronicastrum virginicum","PP27473","Challenger"
"1607","Gaultheria shallon","Gaultheria shallon","PP34661","‘Gaulsidh4’"
"1608","Gaultheria shallon","Gaultheria shallon","PP34625","Gaulsidh12"
"1609","Quercus virginiana","Quercus virginiana","PP19758","FBQV22"
"1610","Quercus virginiana","Quercus virginiana","PP19759","FBQV1"
"1611","Quercus virginiana","Quercus virginiana","PP34495","QVCCN"
"1612","Quercus virginiana","Quercus virginiana","PP17249","K-1"
"1613","Quercus virginiana","Quercus virginiana","PP19608","Cannon-Sharp"
"1614","Vaccinium cormbosum","Vaccinium corymbosum","PP19990","New Hanover"
"1615","Vaccinium macrocarpon Ait.","Vaccinium macrocarpon","PP18911","NJS98-35"
"1616","Vaccinium macrocarpon Ait.","Vaccinium macrocarpon","PP25066","WI92-A-X15"
"1617","Vaccinium macrocarpon Ait.","Vaccinium macrocarpon","PP27657","CNJ99-9-96"
"1618","Vaccinium macrocarpon Ait.","Vaccinium macrocarpon","PP27709","CNJ99-52-15"
"1619","Vaccinium macrocarpon Ait.","Vaccinium macrocarpon","PP18252","NJS98-23"
"1620","Vaccinium macrocarpon Ait.","Vaccinium macrocarpon","PP32896","CNJ99-9-25"
"1621","Vaccinium macrocarpon Ait.","Vaccinium macrocarpon","PP22541","CNJ95-20-20"
"1622","Fragaria×ananassa dutch","Fragaria x ananassa","PP16838","Saint-Laurent d'Orleans"
"1623","Fragaria x ananassa Duchesne.","Fragaria x ananassa","PP35905","UC Monarch"
"1624","Fragaria x ananassa Duchesne.","Fragaria x ananassa","PP35908","UC Golden Gate"
"1625","Dodonaea viscosa","Dodonaea viscosa","PP33514","Emerald Ice"
"1626","Yucca gloriosa var. recurvifolia","Yucca gloriosa var. tristis","PP17653","WALBRISTAR"
"1627","Juglans hindsii x regia","Juglans hindsii","PP31862","Cliff Clone"
"1628","Vitus rotundifolia Muscadinia Planch. and Vitis vinifera","Vitis rotundifolia","PP36213","JB 12-12-A14-29"
"1629","Diervilla rivularis","Diervilla rivularis","PP27932","Diwibru01"
"1630","Diervilla rivularis","Diervilla rivularis","PP27550","SMNDRSF"
"1631","Diervilla rivularis","Diervilla rivularis","PP33288","SMDCS"
"1632","Quercus nuttalli","Quercus texana","PP19858","QNSTG"
"1633","Quercus nuttalli","Quercus texana","PP20550","QNMTF"
"1634","Tolmiea menziesii","Tolmiea menziesii","PP15948","Cool Gold"
"1635","Dasiphora fruticosa subsp. fruiticosa","Dasiphora fruticosa var. fruticosa","PP27333","LISSDAN"
"1636","Dasiphora fruticosa subsp. fruiticosa","Dasiphora fruticosa var. fruticosa","PP32545","Hachbianca"
"1637","Dasiphora fruticosa subsp. fruiticosa","Dasiphora fruticosa var. fruticosa","PP36351","Hachapp"
"1638","Dasiphora fruticosa subsp. fruiticosa","Dasiphora fruticosa var. fruticosa","PP31663","Jefmarm"
"1639","Liriodendron tulipifera","Liriodendron tulipifera","PP35307","LTMTF"
"1640","Quercus bicolor×Quercus robur","Quercus bicolor","PP20615","Adeline"
"1641","Oenothera speciosa","Oenothera speciosa","PP17230","TURNER01"
"1642","Ilex glabra","Ilex glabra","PP27554","SMNIGAB17"
"1643","Ilex glabra","Ilex glabra","PP35019","SMNIGLA"
"1644","Ilex glabra","Ilex glabra","PP30147","ILEXFARROWTRACEY"
"1645","Vitus rotundifolia Michx.","Vitis rotundifolia","PP30014","Ga. 6-2-26"
"1646","Phlox drummondii Hook.","Phlox drummondii","PP18211","Sunphlocoro"
"1647","Coreopsis rosea","Coreopsis rosea","PP24134","Tahitian Sunset"
"1648","Coreopsis rosea","Coreopsis rosea","PP16016","Heaven's Gate"
"1649","Thuja plicata x standishii","Thuja plicata","PP33589","TPMTF"
"1650","Thuja plicata x standishii","Thuja plicata","PP35388","INGGSP"
"1651","Thuja plicata x standishii","Thuja plicata","PP34073","CMA04271964"
"1652","Cornus florida L.","Cornus florida","PP18292","Missy's Appalachian Morning"
"1653","Cornus florida L.","Cornus florida","PP18238","Appalachian Joy"
"1654","Cornus florida L.","Cornus florida","PP32468","Erica'3 s Appalachian Sunrise"
"1655","Cornus florida L.","Cornus florida","PP32307","SFCG1702"
"1656","Hydrangea quercifolia","Hydrangea quercifolia","PP33072","Snowcicle"
"1657","Hydrangea quercifolia","Hydrangea quercifolia","PP36030","Oakann1588"
"1658","Hydrangea quercifolia","Hydrangea quercifolia","PP25106","Brenhill"
"1659","Hydrangea quercifolia","Hydrangea quercifolia","PP25412","Doughill"
"1660","Hydrangea quercifolia","Hydrangea quercifolia","PP27879","JoAnn"
"1661","Hydrangea quercifolia","Hydrangea quercifolia","PP35796","1925querrep"
"1662","Hydrangea quercifolia","Hydrangea quercifolia","PP15477","Little Honey"
"1663","Hydrangea quercifolia","Hydrangea quercifolia","PP30565","BIV01"
"1664","Hydrangea quercifolia","Hydrangea quercifolia","PP35717","Bocotoso"
"1665","Hydrangea quercifolia","Hydrangea quercifolia","PP25413","Brother Edward"
"1666","Chrysogonum virginianum","Chrysogonum virginianum","PP19306","Quinn's Gold"
"1667","Vaccinium ovatum","Vaccinium ovatum","PP34948","Vacbri2"
"1668","Vaccinium ovatum","Vaccinium ovatum","PP25067","Vacsid1"
"1669","Vaccinium ovatum","Vaccinium ovatum","PP35894","Cascade Jewel"
"1670","Aster novi-belgi","Symphyotrichum novi-belgii","PP21117","Dasjes"
"1671","Aster novi-belgi","Symphyotrichum novi-belgii","PP21116","DASDEM"
"1672","Aster novi-belgi","Symphyotrichum novi-belgii","PP21147","DASKAT"
"1673","Cupressus macrocarpa","Hesperocyparis macrocarpa","PP31474","Havfrego"
"1674","Penstemon barbatus x heterophyllus","Penstemon barbatus","PP31891","Dopenspriscarl"
"1675","Heliopsis helianthiodes var. scabra","Heliopsis helianthoides var. scabra","PP23390","Summer Pink"
"1676","Zizia aptera","Zizia aptera","PP26957","Crazy Quilt"
"1677","Clematis texensis","Clematis texensis","PP27667","BFCCRAP"
"1678","Mentha x piperita","Mentha x piperita","PP35037","Palisade"
"1679","Viburnum bracteatum","Viburnum bracteatum","PP25897","SMVDBL"
"1680","Viburnum bracteatum","Viburnum bracteatum","PP26576","SMVDLS"
"1681","Vitis labrusca L.×Vitis vinifera L.","Vitis labrusca","PP25697","Hope"
"1682","Vitis labrusca L.×Vitis vinifera L.","Vitis labrusca","PP25152","A-1710"
"1683","Vitis labrusca L.×Vitis vinifera L.","Vitis labrusca","PP25726","Joy"
"1684","Vitis labrusca L.×Vitis vinifera L.","Vitis labrusca","PP25696","Faith"
"1685","Magnolia virginiana","Magnolia virginiana","PP27589","MVMTF"
"1686","Echinacea angustifolia x Echinacea purpurea","Echinacea angustifolia","PP34082","Noecseven"
"1687","Vaccinium corybosum","Vaccinium corymbosum","PP20027","Sweetcrisp"
"1688","Clusia rosea (L.).","Clusia rosea","PP28776","LICLUS01"
"1689","Quercus hemisphaerica","Quercus hemisphaerica","PP27191","QHMTF"
"1690","Polygonatum biflorum×Polygonatum humile","Polygonatum biflorum","PP22304","Prince Charming"
"1691","Magnolia grandiflora","Magnolia grandiflora","PP34089","BooneArb"
"1692","Phlox subulata×Phlox kelseyi","Phlox subulata","PP28896","Plumtastic"
"1693","Nephrolepis exaltata","Nephrolepis exaltata","PP21218","Ariane"
"1694","Nephrolepis exaltata","Nephrolepis exaltata","PP25965","BRAVIT2626"
"1695","Nephrolepis exaltata","Nephrolepis exaltata","PP25311","Green Moment"
"1696","Nephrolepis exaltata","Nephrolepis exaltata","PP25964","BRAVIT2621"
"1697","Nephrolepis exaltata","Nephrolepis exaltata","PP23829","Floriane"
"1698","Nephrolepis exaltata","Nephrolepis exaltata","PP25058","Green Delight"
"1699","Nephrolepis exaltata","Nephrolepis exaltata","PP15958","Nr. 20"
"1700","Ruellia simplex","Ruellia simplex","PP26063","R10-105-Q54"
"1701","Ruellia simplex","Ruellia simplex","PP25156","R10-108"
"1702","Ruellia simplex","Ruellia simplex","PP30987","R16-1-1"
"1703","Ruellia simplex","Ruellia simplex","PP30986","R13-5-3"
"1704","Ruellia simplex","Ruellia simplex","PP28449","R12-2-1"
"1705","Ruellia simplex","Ruellia simplex","PP30988","R15-24-17"
"1706","Ruellia simplex","Ruellia simplex","PP24422","R10-102"
"1707","Vitis rotundifolia","Vitis rotundifolia","PP24142","Ga. 5-1-45"
"1708","Eupatorium maculatum","Eutrochium maculatum","PP34196","Doeuplipy"
"1709","Eupatorium maculatum","Eutrochium maculatum","PP22869","Snowball"
"1710","Eupatorium maculatum","Eutrochium maculatum","PP31128","Summer Snow"
"1711","Gaura lindheimerii","Oenothera lindheimeri","PP16981","Gausudre"
"1712","Gaura lindheimerii","Oenothera lindheimeri","PP36207","KLEGL22507"
"1713","Vaccinium corymbosum L","Vaccinium corymbosum","PP27026","TH-906"
"1714","Evolvulus pilosus","Evolvulus nuttallianus","PP19888","BURUSIERU"
"1715","Hesperaloe funifera X parviflora","Hesperaloe funifera","PP35283","Little Giant"
"1716","Silene regia","Silene regia","PP15692","Prairie Fire"
"1717","Quercus palustris","Quercus palustris","PP20900","PWJR08"
"1718","Quercus palustris","Quercus palustris","PP28668","Woodside Splendor"
"1719","Hesperaloe funifera×Hesperaloe parviflora","Hesperaloe funifera","PP21728","Perfu"
"1720","Gomphrena haageana","Gomphrena haageana","PP33003","Balgovarpur"
"1721","Eutrochium purpureum (syn. Eupatorium purpureum)","Eutrochium purpureum","PP31668","FLOREUPRE1"
"1722","Fragaria×ananassa Duchesne ex Rozier","Fragaria x ananassa","PP25300","Charm"
"1723","Fragaria×ananassa Duchesne ex Rozier","Fragaria x ananassa","PP26710","Safari"
"1724","Gymnocladus dioicus","Gymnocladus dioicus","PP29968","McKBranched"
"1725","Oenothera hybrida","Oenothera tetragona","PP16393","INNOENO131"
"1726","Oenothera hybrida","Oenothera tetragona","PP25429","UNG OEN01"
"1727","Salvia microphylla","Salvia microphylla","PP30623","Roseburg"
"1728","Salvia microphylla","Salvia microphylla","PP28433","Little Kiss"
"1729","Salvia microphylla","Salvia microphylla","PP30183","Syracuse"
"1730","Salvia microphylla","Salvia microphylla","PP26609","KILLER CRANBERRY"
"1731","Salvia microphylla","Salvia microphylla","PP36296","MBN20203A"
"1732","Spartina alterniflora Loisel.","Sporobolus alterniflorus","PP25273","LA11-102"
"1733","Spartina alterniflora Loisel.","Sporobolus alterniflorus","PP25272","LA11-103"
"1734","Spartina alterniflora Loisel.","Sporobolus alterniflorus","PP25271","LA11-101"
"1735","Prunus besseyi×P. cerasifera","Prunus pumila var. besseyi","PP23865","Densipac"
"1736","Silene virginica","Silene virginica","PP36247","Sil005"
"1737","Diervilla sessilifolia","Diervilla sessilifolia","PP19391","LPDC Podaras"
"1738","Fragaria X ananassa Duch.","Fragaria x ananassa","PP35831","SGS73 1"
"1739","Fragaria xananassa Duchesne ex Rozier","Fragaria x ananassa","PP29370","Marys Peak"
"1740","Vaccinium corymbosum L. hybrid","Vaccinium corymbosum","PP35576","FL12-236"
"1741","Prunella vulgaris","Prunella vulgaris","PP31876","Magdalena"
"1742","Picea glauca var. densata","Picea x albertiana","PP31657","Charlie J. Nickel"
"1743","Thuja plicata","Thuja plicata","PP34752","BLTP"
"1744","Thuja plicata","Thuja plicata","PP30762","SMNTPGF"
"1745","Thuja plicata","Thuja plicata","PP32032","RLH-CS"
"1746","Thuja plicata","Thuja plicata","PP19926","De Rakt"
"1747","Thuja plicata","Thuja plicata","PP20267","Daniëllow"
"1748","Thuja plicata","Thuja plicata","PP31298","Northern Spire"
"1749","Thuja plicata","Thuja plicata","PP19267","4EVER"
"1750","Leucothoe fontanesiana","Leucothoe fontanesiana","PP18396","HOWW"
"1751","Leucothoe fontanesiana","Leucothoe fontanesiana","PP35833","SMNLFGRV"
"1752","Leucothoe fontanesiana","Leucothoe fontanesiana","PP31796","BLULE1801"
"1753","Aster novae-angliae","Symphyotrichum novae-angliae","PP19538","Vibrant Dome"
"1754","Vitis labrusca L. x Vitis vinifera L.","Vitis labrusca","PP36345","SUNNY HEART"
"1755","Cornus sericea","Cornus sericea","PP25457","Gostmazam"
"1756","Cornus sericea","Cornus sericea","PP24812","Neil Z"
"1757","Lippia nodiflora","Phyla nodiflora","PP33485","ECOLOPIA3"
"1758","Phlox carolina","Phlox carolina","PP30221","Rose Bouquet"
"1759","Aster novi-belgii","Symphyotrichum novi-belgii","PP24160","Victoria Xenian"
"1760","Aster novi-belgii","Symphyotrichum novi-belgii","PP23968","BKATRRV"
"1761","Aster novi-belgii","Symphyotrichum novi-belgii","PP27803","MYPOT0001"
"1762","Aster novi-belgii","Symphyotrichum novi-belgii","PP23967","BKATRWT"
"1763","Aster novi-belgii","Symphyotrichum novi-belgii","PP19930","Victoria Mathilde"
"1764","Aster novi-belgii","Symphyotrichum novi-belgii","PP23990","BKATRPU"
"1765","Populus deltoids×Populus nigra","Populus deltoides","PP26125","RRR Yellow"
"1766","Picea pungens var. glauca","Picea pungens","PP35604","Hymes Blue Dream"
"1767","Picea pungens var. glauca","Picea pungens","PP35633","Wards Blue Waves"
"1768","Rhus typhina","Rhus typhina","PP16185","Bailtiger"
"1769","Aster novi-belgii×Aster dumosus","Symphyotrichum novi-belgii","PP21308","Kiastgrana"
"1770","Juniperus horizontalis","Juniperus horizontalis","PP28082","MonGeo"
"1771","Juniperus horizontalis","Juniperus horizontalis","PP22743","Hegedus"
"1772","Rudbeckia hirta X Rudbeckia hybrida","Rudbeckia hirta","PP31788","ET RDB 621"
"1773","Rudbeckia hirta X Rudbeckia hybrida","Rudbeckia hirta","PP31765","ET RDB 603"
"1774","Viburnum nudum L. var. cassinoides","Viburnum cassinoides","PP27549","SMNVCDD"
"1775","Lippia nodiflora L.","Phyla nodiflora","PP20120","Campagna Verde"
"1776","Pinus elliottii","Pinus elliottii","PP22079","CF PSI-3352"
"1777","Coreopsis grandiflora×Coreopsis verticillata","Coreopsis grandiflora","PP28615","URIGS01"
"1778","Vitis rupestris×Muscadinia rotundifolia","Vitis rupestris","PP19981","8909-05"
"1779","Mecardonia procumbens","Mecardonia procumbens","PP30298","INTAMEC003"
"1780","Fragaria x ananassa Duchense","Fragaria x ananassa","PP32705","NCS 10-038"
"1781","Fragaria x ananassa Duchense","Fragaria x ananassa","PP32432","NCS 10-156"
"1782","Vaccinium virgatum","Vaccinium pallidum","PP21720","Sky Blue"
"1783","Vaccinium virgatum","Vaccinium pallidum","PP21735","Ocean Blue"
"1784","Vaccinium virgatum","Vaccinium pallidum","PP34162","TO-3097"
"1785","Vaccinium virgatum","Vaccinium pallidum","PP24663","Overtime"
"1786","Leucophyllum frutescens X candidum","Leucophyllum frutescens","PP35437","Microburst"
"1787","Hisbiscus moscheutos","Hibiscus moscheutos","PP17563","Splash Yopinot Noir"
"1788","Mentha arvensis L.","Mentha arvensis","PP16566","Kushal"
"1789","Oenothera fremontii","Oenothera macrocarpa subsp. fremontii","PP19663","Shimmer"
"1790","Leucophyllum frutescens X zygophyllum","Leucophyllum frutescens","PP36336","Laredo"
"1791","Ribes sanguineum","Ribes sanguineum","PP26763","Oregon Snowflake"
"1792","Illicium parviflorum","Illicium parviflorum","PP28887","PIIIP-I"
"1793","Peperomia obtisufolia","Peperomia obtusifolia","PP17882","Dapep2106"
"1794","Rudbeckia hirta X Echinacea purpurea","Rudbeckia hirta","PP25206","ET-RDB 03"
"1795","Tsuga canadensis","Tsuga canadensis","PP25503","MonKinn"
"1796","Tsuga canadensis","Tsuga canadensis","PP27468","MonJers"
"1797","Portulaca oleraea","Portulaca oleracea","PP29035","PHSFR11-0"
"1798","Portulaca oleraea","Portulaca oleracea","PP31188","DPORPZNYLW"
"1799","Portulaca oleraea","Portulaca oleracea","PP31187","DPORPZNORG"
"1800","Juniperus communis","Juniperus communis","PP32393","SMNJCB"
"1801","Rudbeckia hirta×Echinacea purpurea","Rudbeckia hirta","PP25221","ET-RDB 01"
"1802","Rudbeckia hirta×Echinacea purpurea","Rudbeckia hirta","PP25243","ET-RDB 02"
"1803","Gaura lindheimeri×Gaura coccinea","Oenothera lindheimeri","PP19496","Star Pink"
"1804","Echinacea purpurea×Echinacea tennesseensis","Echinacea purpurea","PP25602","Meditation"
"1805","Polemonium pulcherrimum","Polemonium pulcherrimum","PP35067","‘Golden Feathers’"
"1806","Fragaria xananassa Duchesne","Fragaria x ananassa","PP31580","American Aroma 10"
"1807","Fragaria xananassa Duchesne","Fragaria x ananassa","PP18340","Wendy"
"1808","Salvia farineacea","Salvia farinacea","PP20625","Salv Bule"
"1809","Fragaria ananassa Duch","Fragaria x ananassa","PP23127","DELY"
"1810","Stenotaphrum secundatum interploid hybrid","Stenotaphrum secundatum","PP35807","DALSA 1618"
"1811","Ulmus alata","Ulmus alata","PP30543","UAMTF"
"1812","Fothergilla major","Fothergilla latifolia","PP15490","Blue Shadow"
"1813","Scrophularia macrantha","Scrophularia macrantha","PP28908","TNSCRCR"
"1814","Monarda disyma","Monarda didyma","PP19582","AChall"
"1815","Pinus taeda","Pinus taeda","PP19793","CF Q7766"
"1816","Pinus taeda","Pinus taeda","PP19447","CF L3791"
"1817","Pinus taeda","Pinus taeda","PP21973","CF LP1-7696"
"1818","Setcreasea pallida","Tradescantia pallida","PP31916","Edge of Night"
"1819","Coreopsis auriculata×Coreopsis lanceolata","Coreopsis auriculata","PP18789","Jethro Tull"
"1820","Gaillardia×aristata","Gaillardia aristata","PP21409","El Fuego"
"1821","Hydrangea arborescens subsp. radiata","Hydrangea radiata","PP33290","SMNHRLL"
"1822","Fragaria×ananassa Duch","Fragaria x ananassa","PP22781","Puget Crimson"
"1823","Fragaria×ananassa Duch","Fragaria x ananassa","PP21201","Cv. Record"
"1824","Fragaria×ananassa Duch","Fragaria x ananassa","PP17670","Orleans"
"1825","Helianthus debilis","Helianthus debilis","PP18654","SLG DS 05"
"1826","Plantago ovata","Plantago ovata","PP17505","Mayuri"
"1827","Gaillardia aristata Purch.","Gaillardia aristata","PP27445","GAIZ0003"
"1828","Platanus occidentalis","Platanus occidentalis","PP34623","DRABROT"
"1829","Cupressus arizonica","Hesperocyparis arizonica","PP36321","GRECQF"
"1830","Sphaeralcea ambigua Gray","Sphaeralcea ambigua","PP34220","Orange Crush"
"1831","Fragaria×ananassa Duchsne","Fragaria x ananassa","PP19422","Treasure Harvest"
"1832","Cornus obliqua","Cornus obliqua","PP27873","Powell Gardens"
"1833","Illicium floridanum","Illicium floridanum","PP16269","Gaddy"
"1834","Illicium floridanum","Illicium floridanum","PP24640","JCJC"
"1835","Illicium floridanum","Illicium floridanum","PP21287","Pink Frost"
"1836","Chilopsis linearis","Chilopsis linearis","PP28902","MSWNLopur"
"1837","Chilopsis linearis","Chilopsis linearis","PP33091","Sweet Bubba"
"1838","Chilopsis linearis","Chilopsis linearis","PP33637","Bubba Jones"
"1839","Hydrangea arborescence","Hydrangea arborescens","PP28729","SMHAMWM"
"1840","Echinacea paradoxa×Echinacea paradoxa","Echinacea paradoxa","PP18783","Katie Saul"
"1841","Monarda didyma L.","Monarda didyma","PP17513","Mondid 0803"
"1842","Monarda didyma L.","Monarda didyma","PP27618","Cherry Pops"
"1843","Hibiscus moscheutos×H.coccineus","Hibiscus moscheutos","PP27556","Crème Brulee"
"1844","Hibiscus moscheutos×H.coccineus","Hibiscus moscheutos","PP27535","Moulin Rouge"
"1845","×Taxodiomera peizhongii","Taxodium distichum","PP17767","Dongfangshan"
"1846","Ilex opaca","Ilex opaca","PP33595","RLH-IO-1"
"1847","Ilex opaca","Ilex opaca","PP33567","IPOC"
"1848","Phlox×procumbens","Phlox amoena subsp. amoena","PP25883","Pink Profusion"
"1849","Ericameria laricifolia","Ericameria laricifolia","PP33157","Butterbloom"
"1850","Juniperus virginiana var. silicicola","Juniperus virginiana var. silicicola","PP31963","CAN-SRC1"
"1851","Monarda didyma×Monarda bradburiana","Monarda didyma","PP26447","Leading Lady Plum"
"1852","Monarda didyma×Monarda bradburiana","Monarda didyma","PP26431","Leading Lady Lilac"
"1853","Phlox carolina×Phlox maculata","Phlox carolina","PP27267","Daughter of Pearl"
"1854","Phlox carolina×Phlox maculata","Phlox carolina","PP27266","Zenith"
"1855","Rubus occidentcelis L.","Rubus occidentalis","PP27871","Ohio's Treasure"
"1856","Heliopsis helianthoids (L.) Sweet","Heliopsis helianthoides","PP35063","‘Bit of Honey’"
"1857","Aster oblongifolius","Symphyotrichum oblongifolium","PP34580","Cotton Candy"
"1858","Chelone lyonii","Chelone lyonii","PP25350","Armtipp02"
"1859","Leucophyllum frutescens X laevigatum","Leucophyllum frutescens","PP35354","Purple Rain"
"1860","Cotinus obovatus","Cotinus obovatus","PP21064","Northstar"
"1861","Quercus rubra","Quercus rubra","PP34011","QRMTF"
"1862","Spiraea betulifolia","Spiraea betulifolia","PP27933","COURISPI01"
"1863","Phlox glaberrima ssp. triflora","Phlox glaberrima","PP21329","Triple Play"
"1864","Monarda bradburiana","Monarda bradburiana","PP34354","Midnight Oil"
"1865","Eupatorium dubium","Eutrochium dubium","PP16122","Little Joe"
"1866","Salvia dorrii x Salvia clevelandii","Salvia dorrii","PP34395","MSWNBoyton2"
"1867","Fragaria×ananassa Duchesne ex Rozier.","Fragaria x ananassa","PP25223","Sweet Sunrise"
"1868","Picea glauca","Picea glauca","PP29825","Westervelt"
"1869","Itea virginica","Itea virginica","PP31318","Bailteaone"
"1870","Populus x euramericana","Populus x canadensis","PP36135","NextGen"
"1871","Phlebodium aureum (L.) J. Sm.","Phlebodium aureum","PP32332","RAADPHLE01"
"1872","Fragaria ×ananassa DUCH","Fragaria x ananassa","PP20447","CRISTAL"
"1873","Echinacea purpurea X Redbeckia hirta","Echinacea purpurea","PP34654","ET RDB 816"
"1874","Salvia greffii","Salvia greggii","PP20076","Flosalg02"
"1875","Helianthus decapetalus hybrid","Helianthus decapetalus","PP33506","BullHelidec 0201"
"1876","Hibiscus moscheutos×H. rosa-sinensis","Hibiscus moscheutos","PP16669","Cherub"
"1877","Vitis labrusca L.×Vitis Vinifera L.","Vitis labrusca","PP25746","Gratitude"
"1878","Stokesia laevis (Hill) Green","Stokesia laevis","PP36168","Riptide"
"1879","Taxodium distichum","Taxodium distichum","PP22812","Skyward"
"1880","Taxodium distichum","Taxodium distichum","PP34009","TDMTF"
"1881","Juglans hindsii×Juglans regia","Juglans hindsii","PP21179","VX211"
"1882","Hibiscus coccineus","Hibiscus coccineus","PP31751","Whit XXII"
"1883","Prunus serotina Ehrh","Prunus serotina","PP16740","AFTC-1"
"1884","Cliftonia monophylla","Cliftonia monophylla","PP35111","BLCM05"
"1885","Comptonia peregrina","Comptonia peregrina","PP32238","Blue Sea"
"1886","Tripsacum dactyloides x Miscanthus sacchariflorus","Tripsacum dactyloides","PP35597","Mammoth"
"1887","Aster novi-belgi (now Symphyotrichum novi-belgii)","Symphyotrichum novi-belgii","PP21211","Dasdebi"
"1888","Poa arachnifera Torr. x P. pratensis L.F1 hybrid","Poa arachnifera","PP34353","TAES 5701"
"1889","Salvia greggii×S. microphylla","Salvia greggii","PP28042","Elk White Ice"
"1890","Thuja occidentalis / THUJA Plant","Thuja occidentalis","PP24013","Concesarini"
"1891","Lonicera caerulea var. Kamtschatica","Lonicera caerulea","PP26617","Dolce Vita"
"1892","Cladrastis kentukea","Cladrastis kentukea","PP28271","White Rain"
"1893","Helianthus salicifolius","Helianthus salicifolius","PP30117","Autumn Gold"
"1894","Yucca filamentosa x Yucca pallida","Yucca filamentosa","PP31437","Silver Anniversary"
"1895","Phlox subulata×Phlox bifida","Phlox subulata","PP28738","Running With Scissors"
"1896","Thuja plicata x Thuja standishii","Thuja plicata","PP31297","T p x T s Junior Giant"
"1897","Ericaceae Vaccinium corymbosum hybrid","Vaccinium corymbosum","PP34989","C14-771"
"1898","Prunus caroliniana","Prunus caroliniana","PP34798","‘Whit XXXIV’"
"1899","Corylus americana X Corylus avellana","Corylus americana","PP34790","Photon"
"1900","(Corylus americana x Corylus avellana) x Corylus avellana cultivar","Corylus americana","PP33561","OSU 541.147"
"1901","Portulaca umbracticola","Portulaca umbraticola","PP36367","Fantastic"
"1902","Juglans nigra","Juglans nigra","PP15792","Beineke 8"
"1903","Phlox paniculata hybrid","Phlox paniculata","PP19610","Watermelon Punch"
"1904","Rudbeckia subtomentosa","Rudbeckia subtomentosa","PP23590","Little Henry"
"1905","Coreopsis verticillate","Coreopsis verticillata","PP30909","Red Hot Vanilla"
"1906","Clematis freemontii x Clematis integrifolia","Clematis fremontii","PP30556","Stand by Me"
"1907","Rhododendron catawbiense","Rhododendron catawbiense","PP33702","Royal Resilience"
"1908","Hydrangea quercifolia Bartr.","Hydrangea quercifolia","PP25319","PIIHQ-I"
"1909","Ilex×attenuate","Ilex x attenuata","PP20997","IABOF"
"1910","Liatris spicata (L.) Willd.","Liatris spicata","PP29296","BCLT-08.001"
"1911","Fragaria×ananassa (Duch.) Guedes","Fragaria x ananassa","PP23246","MALWINA"
"1912","Chasmanthium latifolium","Chasmanthium latifolium","PP20643","River Mist"
"1913","Rubus subgenus Rubus Watson.","Rubus pensilvanicus","PP27032","APF-236T"
"1914","Poa arachnifera Torr.x P. pratensis L.F1 hybrid","Poa arachnifera","PP34672","DALBG 1201"
"1915","Mahonia repens","Berberis repens","PP28549","MONRWS"
"1916","Hydrangea x arborescens subsp. radiata","Hydrangea radiata","PP34418","‘SMNHRL’"
"1917","Monarda hybrida","Monarda fistulosa var. fistulosa","PP30347","Electric Neon Pink"
"1918","Nephrolepis obliterata","Nephrolepis obliterata","PP16531","Sunjest"
"1919","Portulaca umbraticola","Portulaca umbraticola","PP32614","DPORMOJAFU"
"1920","Dasiphora fruiticosa","Dasiphora fruticosa","PP30710","SMNPPS"
"1921","Aster novi-belgi (now Symphyotriuchum novi-belgii)","Symphyotrichum novi-belgii","PP21166","DASING"
"1922","Vanilla planifolia","Vanilla planifolia","PP30964","Handa"
"1923","Salvia mohavensis x Salvia clevelandii","Salvia mohavensis","PP34489","‘MSWNBoyton1’"
